Babies' first forenames: births registered in Scotland in 2001,,,,,,
,,,,,,
Information about the basis of the list can be found via the 'Babies' First Names' page on the National Records of Scotland website.,,,,,,
,,,,,,
Boys,,,,Girls,,
,,,,,,
Position,Name,Number of babies,,Position,Name,Number of babies
1,Jack,833,,1,Chloe,711
2,Lewis,770,,2=,Amy,536
3,Cameron,609,,2=,Lauren,536
4,Ryan,577,,4,Emma,503
5,James,510,,5,Megan,496
6,Callum,486,,6,Erin,490
7,Andrew,474,,7,Hannah,447
8,Dylan,451,,8,Rebecca,446
9,Ross,431,,9,Sophie,429
10,Jamie,418,,10,Caitlin,396
11,Liam,411,,11,Rachel,381
12,Adam,407,,12,Emily,362
13,Matthew,406,,13,Lucy,342
14,Daniel,399,,14,Katie,336
15,Scott,377,,15,Nicole,294
16,Kieran,364,,16,Shannon,277
17,David,363,,17,Ellie,256
18,Connor,362,,18,Sarah,244
19,Jordan,329,,19=,Abbie,238
20,Kyle,314,,19=,Holly,238
21,Michael,310,,21,Morgan,230
22,Ben,307,,22,Niamh,216
23,Thomas,300,,23,Anna,212
24,John,275,,24,Eilidh,206
25,Aidan,269,,25,Olivia,201
26,Craig,262,,26,Laura,188
27,Sean,251,,27,Zoe,187
28,Nathan,244,,28,Cara,184
29,Alexander,239,,29,Courtney,182
30,Joshua,230,,30,Molly,178
31=,Calum,224,,31,Eve,173
31=,Luke,224,,32,Jade,172
33,Euan,222,,33=,Kirsty,167
34,Robbie,220,,33=,Leah,167
35,William,218,,35,Jessica,166
36,Declan,213,,36,Aimee,162
37,Aaron,211,,37,Beth,157
38,Reece,203,,38,Charlotte,156
39=,Christopher,202,,39,Taylor,143
39=,Ewan,202,,40,Jennifer,139
39=,Fraser,202,,41,Jodie,138
42,Josh,200,,42,Robyn,136
43,Robert,194,,43,Samantha,134
44,Mark,172,,44,Louise,133
45,Brandon,168,,45=,Abby,131
46,Paul,165,,45=,Heather,131
47=,Ethan,164,,47,Rachael,130
47=,Jay,164,,48,Bethany,126
49,Finlay,162,,49=,Iona,116
50,Joseph,160,,49=,Kayleigh,116
51,Samuel,156,,51,Georgia,115
52,Jake,150,,52=,Melissa,111
53,Sam,142,,52=,Natasha,111
54,Harry,141,,54=,Danielle,105
55,Logan,139,,54=,Stephanie,105
56,Owen,136,,56,Claire,102
57,Lee,134,,57,Chelsea,96
58,Steven,132,,58=,Gemma,94
59,Benjamin,122,,58=,Jenna,94
60,Stephen,117,,60,Amber,92
61,Blair,114,,61,Mia,91
62,Gregor,112,,62,Abigail,89
63=,Rhys,110,,63,Catherine,86
63=,Rory,110,,64,Nicola,83
65,Stuart,107,,65=,Alexandra,78
66=,Marc,104,,65=,Lisa,78
66=,Taylor,104,,67,Kirsten,77
68=,Dean,101,,68,Natalie,73
68=,Shaun,101,,69=,Brooke,72
70,Darren,97,,69=,Ciara,72
71,Ciaran,88,,71,Isla,71
72=,Angus,83,,72=,Alice,67
72=,Jason,83,,72=,Carly,67
74,Max,82,,72=,Elizabeth,67
75=,Aiden,80,,75,Caitlyn,66
75=,Peter,80,,76,Catriona,65
77=,Conor,79,,77,Kara,62
77=,Greg,79,,78,Rebekah,60
79,Martin,77,,79,Eva,59
80,Oliver,76,,80,Sara,58
81=,Joe,74,,81,Paige,57
81=,Jonathan,74,,82=,Jasmine,56
81=,Louis,74,,82=,Kelsey,56
84,Kai,73,,82=,Kiera,56
85=,Gary,69,,82=,Victoria,56
85=,Tyler,69,,86=,Alana,54
87,Murray,67,,86=,Hollie,54
88,George,65,,88,Skye,52
89,Leon,62,,89=,Ellen,50
90,Mohammed,59,,89=,Grace,50
91,Alistair,58,,91=,Demi,49
92=,Arran,57,,91=,Jordan,49
92=,Nicholas,57,,93,Jemma,48
94,Anthony,56,,94=,Ashleigh,47
95=,Lucas,55,,94=,Freya,47
95=,Patrick,55,,96=,Kate,46
97=,Evan,54,,96=,Rosie,46
97=,Jacob,54,,96=,Siobhan,46
97=,Marcus,54,,99=,Carla,45
100=,Keir,53,,99=,Kathryn,45
100=,Mitchell,53,,99=,Zara,45
102=,Duncan,52,,102=,Eleanor,44
102=,Hamish,52,,102=,Kerry,44
104=,Alan,51,,102=,Lara,44
104=,Bradley,51,,105,Katherine,43
106=,Charles,50,,106=,Katy,42
106=,Ian,50,,106=,Kimberley,42
106=,Kian,50,,108=,Ailsa,41
109=,Charlie,48,,108=,Fiona,41
109=,Morgan,48,,108=,Jamie,41
111=,Grant,47,,108=,Rhiannon,41
111=,Stewart,47,,112=,Chantelle,40
113,Kerr,46,,112=,Charlie,40
114=,Douglas,44,,112=,Ellis,40
114=,Iain,44,,115=,Kaitlyn,39
114=,Neil,44,,115=,Mhairi,39
117,Zak,43,,115=,Ruth,39
118,Kevin,41,,118=,Joanna,38
119=,Elliot,39,,118=,Lauryn,38
119=,Fergus,39,,120=,Casey,37
121,Archie,38,,120=,Cerys,37
122=,Alasdair,37,,120=,Morven,37
122=,Finn,37,,120=,Neve,37
122=,Gavin,37,,124=,Daisy,36
122=,Tom,37,,124=,Elise,36
126,Keiran,36,,124=,Toni,36
127=,Brendan,34,,127=,Alisha,35
127=,Harris,34,,127=,Elle,35
129,Ronan,33,,127=,Maria,35
130=,Alex,32,,130=,Hayley,34
130=,Bailey,32,,130=,Mairi,34
130=,Conner,32,,132=,Kayla,33
130=,Lennon,32,,132=,Lily,33
134=,Brian,31,,132=,Naomi,33
134=,Colin,31,,135,Tegan,32
136=,Allan,30,,136=,Alex,31
136=,Struan,30,,136=,Ella,31
138=,Alastair,29,,136=,Kaitlin,31
138=,Drew,29,,136=,Orla,31
138=,Glen,29,,136=,Yasmin,31
141=,Barry,28,,141=,Ashley,30
141=,Corey,28,,141=,Christina,30
141=,Leo,28,,141=,Jordyn,30
144=,Dillon,27,,141=,Keira,30
144=,Dominic,27,,141=,Leigh,30
144=,Graeme,27,,146,Dionne,29
147=,Graham,26,,147=,Alison,28
147=,Jude,26,,147=,Hope,28
147=,Mohammad,26,,147=,Julia,28
147=,Muhammad,26,,147=,Kelly,28
147=,Ruairidh,26,,147=,Lois,28
152=,Billy,25,,147=,Nadia,28
152=,Calvin,25,,153=,Abbey,27
152=,Edward,25,,153=,Amanda,27
152=,Isaac,25,,153=,Annie,27
152=,Kenneth,25,,153=,Kirstin,27
157=,Harrison,24,,153=,Rowan,27
157=,Ruaridh,24,,158=,Adele,26
157=,Shane,24,,158=,Kira,26
160=,Brodie,23,,158=,Mary,26
160=,Innes,23,,158=,Maya,26
160=,Joel,23,,158=,Michaela,26
160=,Niall,23,,158=,Mya,26
160=,Toby,23,,158=,Phoebe,26
165=,Cole,22,,158=,Ruby,26
165=,Greig,22,,166=,Alicia,25
165=,Richard,22,,166=,Brogan,25
168=,Danny,21,,166=,Rhona,25
168=,Gordon,21,,166=,Roisin,25
170,Callan,20,,166=,Teigan,25
171=,Ali,19,,171=,Alix,24
171=,Bruce,19,,171=,Angel,24
171=,Caleb,19,,171=,Jodi,24
171=,Daryl,19,,171=,Katelyn,24
171=,Findlay,19,,171=,Meghan,24
171=,Gabriel,19,,176=,Becky,23
171=,Kane,19,,176=,Francesca,23
171=,Lachlan,19,,176=,Kerri,23
171=,Zachary,19,,176=,Millie,23
180=,Brad,18,,176=,Sophia,23
180=,Guy,18,,176=,Tamzin,23
180=,Justin,18,,176=,Tiegan,23
180=,Simon,18,,183=,Charley,22
184=,Derek,17,,183=,Leona,22
184=,Ellis,17,,183=,Maia,22
184=,Harvey,17,,183=,Mollie,22
184=,Henry,17,,183=,Stacey,22
184=,Rohan,17,,188=,Anya,21
184=,Russell,17,,188=,Carmen,21
190=,Donald,16,,188=,Imogen,21
190=,Kieren,16,,188=,Isabella,21
190=,Luca,16,,188=,Shelby,21
190=,Maxwell,16,,188=,Tia,21
194=,Alfie,15,,194=,Dana,20
194=,Christian,15,,194=,Georgina,20
194=,Eoin,15,,194=,Hazel,20
194=,Kieron,15,,194=,Helen,20
194=,Oscar,15,,194=,Karen,20
194=,Rian,15,,194=,Katrina,20
194=,Sebastian,15,,194=,Kim,20
194=,Sonny,15,,194=,Leanne,20
194=,Tommy,15,,194=,Nikki,20
203=,Curtis,14,,194=,Nina,20
203=,Frazer,14,,194=,Sasha,20
203=,Jon,14,,205=,Amelia,19
203=,Malcolm,14,,205=,Amie,19
203=,Mason,14,,205=,Ava,19
203=,Matt,14,,205=,Christie,19
209=,Arron,13,,205=,Clare,19
209=,Austin,13,,205=,Cody,19
209=,Bryan,13,,205=,Helena,19
209=,Campbell,13,,205=,Julie,19
209=,Dale,13,,205=,Lori,19
209=,Garry,13,,205=,Michelle,19
209=,Jackson,13,,205=,Poppy,19
209=,Lloyd,13,,205=,Sian,19
209=,Luis,13,,205=,Sinead,19
209=,Ruaraidh,13,,218=,Carrie,18
209=,Saul,13,,218=,Carys,18
209=,Zain,13,,218=,Lorna,18
221=,Hayden,12,,218=,Madison,18
221=,Mackenzie,12,,218=,Rhianna,18
221=,Rowan,12,,218=,Rose,18
221=,Zac,12,,218=,Simone,18
225=,Brett,11,,225=,Aisha,17
225=,Brogan,11,,225=,Dione,17
225=,Cormac,11,,225=,Gabrielle,17
225=,Cory,11,,225=,Libby,17
225=,Hugh,11,,229=,Eden,16
225=,Jai,11,,229=,Faith,16
225=,Kristopher,11,,229=,India,16
225=,Levi,11,,229=,Jane,16
225=,Mathew,11,,229=,Jasmin,16
225=,Philip,11,,229=,Kathleen,16
225=,Riley,11,,229=,Keri,16
225=,Ruari,11,,229=,Lucie,16
237=,Bryce,10,,229=,Madeleine,16
237=,Cailean,10,,229=,Miriam,16
237=,Dane,10,,229=,Shona,16
237=,Darryl,10,,229=,Tara,16
237=,Gareth,10,,241=,Abbi,15
237=,Hamza,10,,241=,Alanna,15
237=,Jared,10,,241=,Alexandria,15
237=,Jed,10,,241=,Alyssa,15
237=,Jordon,10,,241=,Christy,15
237=,Keigan,10,,241=,Ebony,15
237=,Louie,10,,241=,Eryn,15
237=,Lyle,10,,241=,Gillian,15
237=,Marco,10,,241=,Joanne,15
237=,Regan,10,,241=,Kayley,15
237=,Sol,10,,241=,Shania,15
252=,Blaine,9,,252=,Antonia,14
252=,Byron,9,,252=,Bethan,14
252=,Cian,9,,252=,Bronwyn,14
252=,Glenn,9,,252=,Caroline,14
252=,Hassan,9,,252=,Connie,14
252=,Hector,9,,252=,Erica,14
252=,Jayden,9,,252=,Jenny,14
252=,Lawrence,9,,252=,Lana,14
252=,Lukas,9,,252=,Louisa,14
252=,Magnus,9,,252=,Maryam,14
252=,Myles,9,,252=,Saskia,14
252=,Nathaniel,9,,252=,Tammy,14
252=,Omar,9,,264=,Annabel,13
252=,Reiss,9,,264=,Billie,13
252=,Reuben,9,,264=,Brooklyn,13
252=,Scot,9,,264=,Cameron,13
252=,Tristan,9,,264=,Hana,13
252=,Troy,9,,264=,Karis,13
252=,Zack,9,,264=,Lindsay,13
271=,Abdullah,8,,264=,Martha,13
271=,Aedan,8,,264=,Melanie,13
271=,Cody,8,,264=,Mirren,13
271=,Corrie,8,,264=,Nadine,13
271=,Devin,8,,264=,Nikita,13
271=,Ewen,8,,264=,Sally,13
271=,Finley,8,,264=,Shauna,13
271=,Jak,8,,264=,Stella,13
271=,Jonathon,8,,264=,Tyler,13
271=,Karl,8,,280=,Allana,12
271=,Kris,8,,280=,Anne,12
271=,Murdo,8,,280=,Brodie,12
271=,Nairn,8,,280=,Darcy,12
271=,Noah,8,,280=,Esme,12
271=,Shawn,8,,280=,Kiara,12
271=,Shay,8,,280=,Kimberly,12
271=,Stefan,8,,280=,Kirstie,12
271=,Vincent,8,,280=,Leonie,12
271=,Zander,8,,280=,Mairead,12
290=,Ahmed,7,,280=,Regan,12
290=,Benedict,7,,280=,Rhian,12
290=,Brandyn,7,,292=,Aisling,11
290=,Deacon,7,,292=,Cassie,11
290=,Jaden,7,,292=,Devon,11
290=,Kelvin,7,,292=,Evie,11
290=,Luc,7,,292=,Fern,11
290=,Nico,7,,292=,Josephine,11
290=,Ramsay,7,,292=,Kaylee,11
290=,Raymond,7,,292=,Linzi,11
290=,Ritchie,7,,292=,Margaret,11
290=,Theo,7,,301=,Ailie,10
290=,Tomas,7,,301=,Alannah,10
290=,Tony,7,,301=,Andrea,10
290=,Umar,7,,301=,Angela,10
305=,Aarron,6,,301=,Briony,10
305=,Antony,6,,301=,Bryony,10
305=,Ayden,6,,301=,Chelsey,10
305=,Baillie,6,,301=,Clara,10
305=,Blake,6,,301=,Corrie,10
305=,Brendon,6,,301=,Darcie,10
305=,Bryn,6,,301=,Iman,10
305=,Cain,6,,301=,Kacey,10
305=,Carson,6,,301=,Kaci,10
305=,Casey,6,,301=,Kenzie,10
305=,Coll,6,,301=,Kerrie,10
305=,Conall,6,,301=,Lydia,10
305=,Conan,6,,301=,Lynsey,10
305=,Conlan,6,,301=,Maisie,10
305=,Dennis,6,,301=,Murron,10
305=,Elliott,6,,301=,Neave,10
305=,Gerard,6,,301=,Rosa,10
305=,Haroon,6,,301=,Susan,10
305=,Jakob,6,,301=,Tamara,10
305=,Kade,6,,324=,Bailey,9
305=,Keiron,6,,324=,Candice,9
305=,Keith,6,,324=,Caragh,9
305=,Kirk,6,,324=,Charlene,9
305=,Kristofer,6,,324=,Claudia,9
305=,Kye,6,,324=,Colette,9
305=,Lennox,6,,324=,Dani,9
305=,Markus,6,,324=,Erika,9
305=,Robin,6,,324=,Esther,9
305=,Roderick,6,,324=,Flora,9
305=,Seamus,6,,324=,Florence,9
305=,Shea,6,,324=,Jacqueline,9
305=,Spencer,6,,324=,Jody,9
305=,Theodore,6,,324=,Kelsie,9
305=,Torin,6,,324=,Kendal,9
339=,Ahmad,5,,324=,Keris,9
339=,Arthur,5,,324=,Kym,9
339=,Bernard,5,,324=,Laurie,9
339=,Brooklyn,5,,324=,Leila,9
339=,Cairn,5,,324=,Lena,9
339=,Carter,5,,324=,Lia,9
339=,Cooper,5,,324=,Meg,9
339=,Dan,5,,324=,Rebekka,9
339=,Danyal,5,,324=,Rhea,9
339=,Eoghan,5,,324=,Rhianne,9
339=,Francis,5,,324=,Sacha,9
339=,Frederick,5,,324=,Saffron,9
339=,Gregory,5,,324=,Tabitha,9
339=,Haris,5,,324=,Tanya,9
339=,Harley,5,,324=,Tess,9
339=,Hasan,5,,324=,Tiffany,9
339=,Jaime,5,,355=,Aleena,8
339=,Johnathan,5,,355=,Ana,8
339=,Kamran,5,,355=,April,8
339=,Kenan,5,,355=,Bobbi,8
339=,Lauchlan,5,,355=,Ceri,8
339=,Lochlan,5,,355=,Chantel,8
339=,Mohamed,5,,355=,Chiara,8
339=,Moray,5,,355=,Faye,8
339=,Muhammed,5,,355=,Harley,8
339=,Owain,5,,355=,Honor,8
339=,Pierce,5,,355=,Isobel,8
339=,Ricky,5,,355=,Jay,8
339=,Roan,5,,355=,Josie,8
339=,Rob,5,,355=,Joy,8
339=,Ronald,5,,355=,Kristin,8
339=,Ronin,5,,355=,Kyra,8
339=,Ruairi,5,,355=,Leia,8
339=,Seumas,5,,355=,Lucia,8
339=,Timothy,5,,355=,Lucinda,8
374=,Adrian,4,,355=,Mariam,8
374=,Ajay,4,,355=,Marie,8
374=,Alister,4,,355=,Sana,8
374=,Ally,4,,355=,Suzanne,8
374=,Amir,4,,355=,Teagan,8
374=,Anton,4,,355=,Teri,8
374=,Aodhan,4,,380=,Alexis,7
374=,Asim,4,,380=,Annalise,7
374=,Bilal,4,,380=,Bonnie,7
374=,Caelan,4,,380=,Christine,7
374=,Cai,4,,380=,Collette,7
374=,Clark,4,,380=,Daniella,7
374=,Connal,4,,380=,Dawn,7
374=,Conrad,4,,380=,Dayna,7
374=,Corin,4,,380=,Deborah,7
374=,Damon,4,,380=,Destiny,7
374=,Dario,4,,380=,Eloise,7
374=,Darragh,4,,380=,Gabriella,7
374=,Dawson,4,,380=,Harriet,7
374=,Declyn,4,,380=,Jaye,7
374=,Deen,4,,380=,Jena,7
374=,Dougal,4,,380=,Jo,7
374=,Felix,4,,380=,Juliette,7
374=,Frank,4,,380=,Leigha,7
374=,Hamzah,4,,380=,Leoni,7
374=,Hugo,4,,380=,Madeline,7
374=,Josef,4,,380=,Matilda,7
374=,Joss,4,,380=,Monica,7
374=,Kaine,4,,380=,Renee,7
374=,Kaleb,4,,380=,Ria,7
374=,Kyran,4,,380=,Rona,7
374=,Lachlann,4,,380=,Rosemary,7
374=,Lyall,4,,380=,Safa,7
374=,Mac,4,,380=,Sarah-Jane,7
374=,Matteo,4,,380=,Savannah,7
374=,Maximilian,4,,380=,Serena,7
374=,Nicol,4,,380=,Shelley,7
374=,Nicolas,4,,380=,Yasmine,7
374=,Reilly,4,,380=,Zainab,7
374=,Ruben,4,,413=,Adelle,6
374=,Seth,4,,413=,Ailish,6
374=,Subhan,4,,413=,Aimie,6
374=,Tayler,4,,413=,Alyx,6
374=,Travis,4,,413=,Aoife,6
374=,Tyrone,4,,413=,Arianne,6
374=,Usman,4,,413=,Ayesha,6
374=,Victor,4,,413=,Bobbie,6
374=,Wilson,4,,413=,Callie,6
374=,Zach,4,,413=,Catrina,6
423=,Aadam,3,,413=,Cloe,6
423=,Abdul,3,,413=,Demi-Leigh,6
423=,Adil,3,,413=,Elisabeth,6
423=,Adnan,3,,413=,Elli,6
423=,Adrien,3,,413=,Emma-Louise,6
423=,Alec,3,,413=,Fay,6
423=,Alessio,3,,413=,Frances,6
423=,Allister,3,,413=,Hallie,6
423=,Aonghas,3,,413=,Heidi,6
423=,Arman,3,,413=,Imaan,6
423=,Arun,3,,413=,Iqra,6
423=,Benn,3,,413=,Jamie-Leigh,6
423=,Brody,3,,413=,Jayde,6
423=,Cade,3,,413=,Jude,6
423=,Cael,3,,413=,Justine,6
423=,Callen,3,,413=,Kari,6
423=,Carlo,3,,413=,Katharine,6
423=,Cavan,3,,413=,Katlyn,6
423=,Charley,3,,413=,Kay,6
423=,Che,3,,413=,Kaylin,6
423=,Chun,3,,413=,Kirstyn,6
423=,Colm,3,,413=,Kristen,6
423=,Conal,3,,413=,Lindsey,6
423=,Connell,3,,413=,Loren,6
423=,Crawford,3,,413=,Marissa,6
423=,Damien,3,,413=,Marnie,6
423=,Darrel,3,,413=,Milly,6
423=,Denver,3,,413=,Morag,6
423=,Deryn,3,,413=,Nyah,6
423=,Devlin,3,,413=,Pamela,6
423=,Devon,3,,413=,Paula,6
423=,Dexter,3,,413=,Raegan,6
423=,Dillan,3,,413=,Roma,6
423=,Domhnall,3,,413=,Shannen,6
423=,Dugald,3,,413=,Simran,6
423=,Eamon,3,,413=,Sonia,6
423=,Eamonn,3,,413=,Sorcha,6
423=,Eddie,3,,413=,Terri,6
423=,Enrico,3,,461=,Aaliyah,5
423=,Eric,3,,461=,Abi,5
423=,Flynn,3,,461=,Aileen,5
423=,Frankie,3,,461=,Aislinn,5
423=,Gianni,3,,461=,Alexa,5
423=,Gregg,3,,461=,Ally,5
423=,Henrik,3,,461=,Alysha,5
423=,Hussain,3,,461=,Amna,5
423=,Ibraheem,3,,461=,Amy-Leigh,5
423=,Ibrahim,3,,461=,Anastasia,5
423=,Idrees,3,,461=,Arianna,5
423=,Ismail,3,,461=,Brenna,5
423=,Ivan,3,,461=,Caitlan,5
423=,Jeremy,3,,461=,Chanelle,5
423=,Joey,3,,461=,Charli,5
423=,John-Paul,3,,461=,Ciera,5
423=,Johnny,3,,461=,Codie,5
423=,Jonah,3,,461=,Colleen,5
423=,Kalum,3,,461=,Danni,5
423=,Kalvin,3,,461=,Darcey,5
423=,Keelan,3,,461=,Elena,5
423=,Keenan,3,,461=,Farah,5
423=,Kenny,3,,461=,Fatima,5
423=,Khalid,3,,461=,Fiza,5
423=,Kiran,3,,461=,Hanna,5
423=,Lawrie,3,,461=,Isha,5
423=,Layton,3,,461=,Jaime,5
423=,Leighton,3,,461=,Jazmin,5
423=,Lochlann,3,,461=,Jemima,5
423=,Lorn,3,,461=,Jess,5
423=,Marshall,3,,461=,Jessie,5
423=,Micheal,3,,461=,Jocelyn,5
423=,Mikey,3,,461=,Juliet,5
423=,Miles,3,,461=,Karly,5
423=,Muir,3,,461=,Katriona,5
423=,Mungo,3,,461=,Keeley,5
423=,Musa,3,,461=,Kelli,5
423=,Norman,3,,461=,Kennedy,5
423=,Oran,3,,461=,Kerys,5
423=,Osama,3,,461=,Kyla,5
423=,Oskar,3,,461=,Kylie,5
423=,Padraig,3,,461=,Lea,5
423=,Qasim,3,,461=,Linda,5
423=,Rahul,3,,461=,Lola,5
423=,Rana,3,,461=,Lyndsey,5
423=,Reagan,3,,461=,Marina,5
423=,Reese,3,,461=,Mirrin,5
423=,Rennie,3,,461=,Monique,5
423=,Reza,3,,461=,Natalia,5
423=,Richie,3,,461=,Nikola,5
423=,Rico,3,,461=,Niomi,5
423=,Rio,3,,461=,Nuala,5
423=,Rocco,3,,461=,Patricia,5
423=,Ronnie,3,,461=,Philippa,5
423=,Saif,3,,461=,Romy,5
423=,Teejay,3,,461=,Sabrina,5
423=,Wallace,3,,461=,Shanna,5
423=,Walter,3,,461=,Shauni,5
423=,Warren,3,,461=,Sine,5
423=,Xander,3,,461=,Sofia,5
423=,Xavier,3,,461=,Talia,5
423=,Yahya,3,,461=,Tamsin,5
423=,Yaseen,3,,461=,Teegan,5
423=,Yusuf,3,,461=,Tessa,5
423=,Zachariah,3,,461=,Thea,5
526=,Aaryn,2,,461=,Tori,5
526=,Aditya,2,,527=,Ailidh,4
526=,Ahren,2,,527=,Alanah,4
526=,Ahsan,2,,527=,Aleisha,4
526=,Aidyn,2,,527=,Ali,4
526=,Albert,2,,527=,Ami,4
526=,Alisdair,2,,527=,Amina,4
526=,Aman,2,,527=,Andie,4
526=,Amandeep,2,,527=,Angelina,4
526=,Antonio,2,,527=,Anisha,4
526=,Aqib,2,,527=,Aqsa,4
526=,Aran,2,,527=,Ariana,4
526=,Archibald,2,,527=,Arran,4
526=,Armin,2,,527=,Astrid,4
526=,Aron,2,,527=,Ayla,4
526=,Atholl,2,,527=,Aysha,4
526=,Bayley,2,,527=,Baillie,4
526=,Beck,2,,527=,Beatrice,4
526=,Beinn,2,,527=,Britney,4
526=,Bennet,2,,527=,Bronwen,4
526=,Blane,2,,527=,Brook,4
526=,Blayne,2,,527=,Caoimhe,4
526=,Bobby,2,,527=,Carina,4
526=,Boyd,2,,527=,Catrin,4
526=,Braden,2,,527=,Ceara,4
526=,Brandan,2,,527=,Charly,4
526=,Branden,2,,527=,Chelsie,4
526=,Brennan,2,,527=,Cheryl,4
526=,Brennen,2,,527=,Cheyenne,4
526=,Brent,2,,527=,Colby,4
526=,Brook,2,,527=,Cora,4
526=,Cadan,2,,527=,Debbie,4
526=,Cal,2,,527=,Deryn,4
526=,Camran,2,,527=,Devin,4
526=,Caolan,2,,527=,Dion,4
526=,Carrick,2,,527=,Eirinn,4
526=,Cathal,2,,527=,Elisa,4
526=,Chad,2,,527=,Elisha,4
526=,Chay,2,,527=,Eliza,4
526=,Christy,2,,527=,Elyse,4
526=,Ciar,2,,527=,Errin,4
526=,Clement,2,,527=,Evelyn,4
526=,Clive,2,,527=,Faiza,4
526=,Codie,2,,527=,Felicity,4
526=,Connall,2,,527=,Finlay,4
526=,Connan,2,,527=,Georgie,4
526=,Connar,2,,527=,Hafsah,4
526=,Connel,2,,527=,Hayleigh,4
526=,Corbin,2,,527=,Isabel,4
526=,Croy,2,,527=,Jamie-Lee,4
526=,Daanyaal,2,,527=,Jayden,4
526=,Dagan,2,,527=,Jayne,4
526=,Dalton,2,,527=,Jean,4
526=,Darien,2,,527=,Jenni,4
526=,Darius,2,,527=,Jill,4
526=,Dariusz,2,,527=,Judith,4
526=,Daud,2,,527=,Karla,4
526=,Deane,2,,527=,Kasey,4
526=,Del,2,,527=,Keera,4
526=,Denholm,2,,527=,Khadijah,4
526=,Denis,2,,527=,Kia,4
526=,Derry,2,,527=,Kiana,4
526=,Derryn,2,,527=,Kiya,4
526=,Devlyn,2,,527=,Larissa,4
526=,Diarmid,2,,527=,Lesley,4
526=,Donnie,2,,527=,Levi,4
526=,Dre,2,,527=,Liberty,4
526=,Drummond,2,,527=,Logan,4
526=,Dyllan,2,,527=,Lyndsay,4
526=,Dylon,2,,527=,Lynn,4
526=,Eden,2,,527=,Madelaine,4
526=,Ehsan,2,,527=,Mandy,4
526=,Elias,2,,527=,Marianne,4
526=,Elijah,2,,527=,Melody,4
526=,Eliot,2,,527=,Mikaela,4
526=,Emilio,2,,527=,Mirran,4
526=,Etienne,2,,527=,Morgyn,4
526=,Faisal,2,,527=,Penny,4
526=,Faizan,2,,527=,Piper,4
526=,Faraaz,2,,527=,Priya,4
526=,Faraz,2,,527=,Rebeka,4
526=,Faris,2,,527=,Rhiann,4
526=,Fearghas,2,,527=,Rochelle,4
526=,Finbar,2,,527=,Roslyn,4
526=,Finnan,2,,527=,Sandie,4
526=,Finnley,2,,527=,Sarah-Louise,4
526=,Francesco,2,,527=,Scarlett,4
526=,Freddie,2,,527=,Shana,4
526=,Gabe,2,,527=,Shanice,4
526=,Ged,2,,527=,Shannah,4
526=,Geordie,2,,527=,Sheree,4
526=,Gerry,2,,527=,Sheryl,4
526=,Giacomo,2,,527=,Sommer,4
526=,Gilbert,2,,527=,Starr,4
526=,Gino,2,,527=,Summer,4
526=,Giovanni,2,,527=,Susannah,4
526=,Guthrie,2,,527=,Tayler,4
526=,Haaris,2,,527=,Tracy,4
526=,Hadyn,2,,527=,Verity,4
526=,Hamad,2,,527=,Willow,4
526=,Harri,2,,527=,Zahra,4
526=,Haseeb,2,,627=,Abbigail,3
526=,Hashim,2,,627=,Adrianna,3
526=,Ho,2,,627=,Aine,3
526=,Hubert,2,,627=,Ainslie,3
526=,Humzah,2,,627=,Alena,3
526=,Hunter,2,,627=,Alessia,3
526=,Idris,2,,627=,Alexia,3
526=,Imran,2,,627=,Alia,3
526=,Irvine,2,,627=,Alyssia,3
526=,Jackie,2,,627=,Aminah,3
526=,Jacques,2,,627=,Angharad,3
526=,Jadyn,2,,627=,Anisa,3
526=,Jae,2,,627=,Anja,3
526=,Jan,2,,627=,Ann,3
526=,Jaryd,2,,627=,Annabelle,3
526=,Jayson,2,,627=,Arlene,3
526=,Jerry,2,,627=,Asha,3
526=,Jimi,2,,627=,Ashlyn,3
526=,John-Lee,2,,627=,Asia,3
526=,Johnnie,2,,627=,Atlanta,3
526=,Jose,2,,627=,Ayisha,3
526=,Jozef,2,,627=,Bianca,3
526=,Julen,2,,627=,Brighde,3
526=,Jules,2,,627=,Broghan,3
526=,Julien,2,,627=,Caitlynn,3
526=,Junaid,2,,627=,Caley,3
526=,Kain,2,,627=,Camryn,3
526=,Kaj,2,,627=,Carey,3
526=,Kal,2,,627=,Carlie,3
526=,Kameron,2,,627=,Carol,3
526=,Kasim,2,,627=,Carolann,3
526=,Kayne,2,,627=,Carson,3
526=,Kearin,2,,627=,Charlize,3
526=,Keaton,2,,627=,Cherise,3
526=,Keegan,2,,627=,Cleo,3
526=,Keiren,2,,627=,Codi,3
526=,Kern,2,,627=,Cori,3
526=,Kevan,2,,627=,Corinne,3
526=,Khai,2,,627=,Courteney,3
526=,Kiegan,2,,627=,Courtnay,3
526=,Kien,2,,627=,Cristina,3
526=,Kierran,2,,627=,Crystal,3
526=,Kobe,2,,627=,D'arcy,3
526=,Kody,2,,627=,Daniela,3
526=,Kristian,2,,627=,Dannielle,3
526=,Kurt,2,,627=,Derry,3
526=,Laird,2,,627=,Devan,3
526=,Lars,2,,627=,Diane,3
526=,Laurence,2,,627=,Donna,3
526=,Laurie,2,,627=,Drew,3
526=,Leonard,2,,627=,Eilish,3
526=,Lleyton,2,,627=,Eireann,3
526=,Lorenzo,2,,627=,Elaine,3
526=,Lorne,2,,627=,Ellise,3
526=,Lui,2,,627=,Emilia,3
526=,Macauley,2,,627=,Geraldine,3
526=,Mack,2,,627=,Gina,3
526=,Mackie,2,,627=,Gracie,3
526=,Malachy,2,,627=,Hilary,3
526=,Malik,2,,627=,Holli,3
526=,Marek,2,,627=,Ingrid,3
526=,Martyn,2,,627=,Isabelle,3
526=,Massimo,2,,627=,Ishbel,3
526=,Mathieu,2,,627=,Islay,3
526=,Maximillian,2,,627=,Jamieleigh,3
526=,Maximus,2,,627=,Jaya,3
526=,Miguel,2,,627=,Jazmine,3
526=,Millar,2,,627=,Jillian,3
526=,Milo,2,,627=,Jolene,3
526=,Mitchel,2,,627=,Jordana,3
526=,Neal,2,,627=,Jorja,3
526=,Nelson,2,,627=,Kacie,3
526=,Nicky,2,,627=,Kaila,3
526=,Nikolai,2,,627=,Kali,3
526=,Nikolas,2,,627=,Kareena,3
526=,Oakley,2,,627=,Karina,3
526=,Odin,2,,627=,Katelin,3
526=,Oisin,2,,627=,Katlin,3
526=,Osamah,2,,627=,Kaya,3
526=,Ossian,2,,627=,Keely,3
526=,Phillip,2,,627=,Kelice,3
526=,Piers,2,,627=,Kelsea,3
526=,Prince,2,,627=,Kelsi,3
526=,Qaasim,2,,627=,Kendall,3
526=,Quinn,2,,627=,Kenzi,3
526=,Raja,2,,627=,Kerris,3
526=,Robson,2,,627=,Keryn,3
526=,Roddy,2,,627=,Kiah,3
526=,Rogan,2,,627=,Kianna,3
526=,Rueben,2,,627=,Klara,3
526=,Ryley,2,,627=,Kloe,3
526=,Sahil,2,,627=,Laila,3
526=,Salman,2,,627=,Layla,3
526=,Samir,2,,627=,Lee,3
526=,Sandy,2,,627=,Leigh-Ann,3
526=,Saqib,2,,627=,Liana,3
526=,Sean-Patrick,2,,627=,Lianne,3
526=,Seonaidh,2,,627=,Lili,3
526=,Shahzeb,2,,627=,Lita,3
526=,Shazad,2,,627=,Lorraine,3
526=,Shazeb,2,,627=,Mackenzie,3
526=,Shlomo,2,,627=,Macy,3
526=,Shon,2,,627=,Mae,3
526=,Sorley,2,,627=,Maeve,3
526=,Stan,2,,627=,Mariah,3
526=,Stanley,2,,627=,Mariella,3
526=,Stefano,2,,627=,Mathilde,3
526=,Stevie,2,,627=,Mellisa,3
526=,Sulaiman,2,,627=,Mikayla,3
526=,Syed,2,,627=,Mirin,3
526=,Talha,2,,627=,Mirryn,3
526=,Taylor-James,2,,627=,Murrin,3
526=,Terence,2,,627=,Myah,3
526=,Tj,2,,627=,Neha,3
526=,Tobias,2,,627=,Nell,3
526=,Ty,2,,627=,Nia,3
526=,Tye,2,,627=,Nida,3
526=,Tylor,2,,627=,Paisley,3
526=,Tyron,2,,627=,Phoenix,3
526=,Ubaid,2,,627=,Polly,3
526=,Uilleam,2,,627=,Rae,3
526=,Usamah,2,,627=,Raven,3
526=,Usmaan,2,,627=,Rebekkah,3
526=,Uzair,2,,627=,Romany,3
526=,Wesley,2,,627=,Sadie,3
526=,Will,2,,627=,Sandra,3
526=,Woody,2,,627=,Sania,3
526=,Zacharia,2,,627=,Shannyn,3
526=,Zakaria,2,,627=,Shantelle,3
526=,Zeeshan,2,,627=,Shazia,3
526=,Zen,2,,627=,Shelbie,3
758=,Aadil,1,,627=,Shonagh,3
758=,Aaman,1,,627=,Sky,3
758=,Aamer,1,,627=,Sofie,3
758=,Aamir,1,,627=,Sonya,3
758=,Aaran,1,,627=,Stephannie,3
758=,Aarran,1,,627=,Susanna,3
758=,Aarryn,1,,627=,Tala,3
758=,Aarun,1,,627=,Tania,3
758=,Aasim,1,,627=,Tatiana,3
758=,Abbaas,1,,627=,Teighan,3
758=,Abbas,1,,627=,Tieghan,3
758=,Abd,1,,627=,Tilly,3
758=,Abdalla,1,,627=,Tina,3
758=,Abdalrahman,1,,627=,Toni-Leigh,3
758=,Abdel,1,,627=,Tyra,3
758=,Abdelbassat,1,,627=,Tyree,3
758=,Abdelhade,1,,627=,Vicky,3
758=,Abdillah,1,,627=,Yazmin,3
758=,Abdul-Latif,1,,627=,Zaynab,3
758=,Abdulhakeem,1,,627=,Zeinab,3
758=,Abdulwahab,1,,778=,Aaliah,2
758=,Abdur,1,,778=,Abigael,2
758=,Abdur-Rahman,1,,778=,Adriana,2
758=,Abdus,1,,778=,Adrienne,2
758=,Abed,1,,778=,Afton,2
758=,Abid,1,,778=,Aila,2
758=,Abie,1,,778=,Ailis,2
758=,Abraar,1,,778=,Aimee-Leigh,2
758=,Abubakkar,1,,778=,Aishah,2
758=,Adahm,1,,778=,Alaina,2
758=,Adam-John,1,,778=,Alina,2
758=,Adbul-Rehman,1,,778=,Alishah,2
758=,Adeel,1,,778=,Alishba,2
758=,Adem,1,,778=,Alishya,2
758=,Aden,1,,778=,Aliyah,2
758=,Adhamh,1,,778=,Allie,2
758=,Adian,1,,778=,Alys,2
758=,Adib,1,,778=,Alysia,2
758=,Adryees,1,,778=,Amani,2
758=,Aemonn,1,,778=,Amarah,2
758=,Aerin,1,,778=,Amena,2
758=,Aethan,1,,778=,Amiee,2
758=,Agostino,1,,778=,Amira,2
758=,Ahid,1,,778=,Amirah,2
758=,Ahmer,1,,778=,Ammarah,2
758=,Aidan-Lee,1,,778=,Anais,2
758=,Aidin,1,,778=,Aneesa,2
758=,Aiman,1,,778=,Angelique,2
758=,Ajaib,1,,778=,Annis,2
758=,Akif,1,,778=,Areeha,2
758=,Aksel,1,,778=,Ariane,2
758=,Akshay,1,,778=,Ashlin,2
758=,Akshaya,1,,778=,Audrey,2
758=,Alam,1,,778=,Aurora,2
758=,Alaster,1,,778=,Autumn,2
758=,Alban,1,,778=,Aya,2
758=,Aleem,1,,778=,Bayley,2
758=,Alejandro,1,,778=,Beckie,2
758=,Aleksandr,1,,778=,Berfin,2
758=,Alessandro,1,,778=,Bernadette,2
758=,Alexandre,1,,778=,Beverley,2
758=,Alexandros,1,,778=,Billie-Jo,2
758=,Alexei,1,,778=,Bo,2
758=,Alexzander,1,,778=,Bobbi-Jo,2
758=,Alezander,1,,778=,Brea,2
758=,Alfred,1,,778=,Briagh,2
758=,Alfrid,1,,778=,Brianna,2
758=,Alhusein,1,,778=,Bronte,2
758=,Aliyaan,1,,778=,Cailey,2
758=,Aliyan,1,,778=,Cailin,2
758=,Allistair,1,,778=,Caira,2
758=,Alyx,1,,778=,Cairistiona,2
758=,Amaan,1,,778=,Caitlynne,2
758=,Amanullah,1,,778=,Cally,2
758=,Amanveer,1,,778=,Cameryn,2
758=,Amaz,1,,778=,Caris,2
758=,Amed,1,,778=,Carli,2
758=,Ameerarsalan,1,,778=,Caron,2
758=,Amin,1,,778=,Carrie-Anne,2
758=,Amman,1,,778=,Carron,2
758=,Ammar,1,,778=,Cassia,2
758=,Amogh,1,,778=,Cassidy,2
758=,Amrik,1,,778=,Cathryn,2
758=,Amrin,1,,778=,Ceejay,2
758=,Amrit,1,,778=,Celia,2
758=,Amro,1,,778=,Cera,2
758=,Ander,1,,778=,Chanel,2
758=,Andre,1,,778=,Charis,2
758=,Andreas,1,,778=,Charleigh,2
758=,Angad,1,,778=,Charmaine,2
758=,Ansh,1,,778=,Chase,2
758=,Antoine,1,,778=,Chelsay,2
758=,Antoneno,1,,778=,Chelsi,2
758=,Anup,1,,778=,Chevonne,2
758=,Anus,1,,778=,Cheyanne,2
758=,Aodan,1,,778=,Clair,2
758=,Aonghais,1,,778=,Coleen,2
758=,Arbaaz,1,,778=,Cordelia,2
758=,Arbaz,1,,778=,Danae,2
758=,Areeb,1,,778=,Danika,2
758=,Argyle,1,,778=,Daniya,2
758=,Ari,1,,778=,Darci,2
758=,Arin,1,,778=,Davina,2
758=,Arjun,1,,778=,Deanna,2
758=,Arlind,1,,778=,Dee,2
758=,Armanjit,1,,778=,Deni,2
758=,Arn,1,,778=,Denise,2
758=,Arvin,1,,778=,Deon,2
758=,Asad,1,,778=,Dervla,2
758=,Aseer,1,,778=,Dharma,2
758=,Ashkan,1,,778=,Dominique,2
758=,Ashley,1,,778=,Dora,2
758=,Ashton,1,,778=,Elana,2
758=,Ashwyn,1,,778=,Eli,2
758=,Assad,1,,778=,Elin,2
758=,Assim,1,,778=,Elsa,2
758=,Athanasos,1,,778=,Elspeth,2
758=,Athul,1,,778=,Emilie,2
758=,Aubrey,1,,778=,Emilly,2
758=,Audain,1,,778=,Emily-Jane,2
758=,Augustus,1,,778=,Emmy,2
758=,Aulay,1,,778=,Erinne,2
758=,Avtar,1,,778=,Erykah,2
758=,Awais,1,,778=,Esmee,2
758=,Axl,1,,778=,Esra,2
758=,Aydan,1,,778=,Estelle,2
758=,Aydin,1,,778=,Eugenia,2
758=,Ayman,1,,778=,Evan,2
758=,Aymar,1,,778=,Fabiana,2
758=,Ayner,1,,778=,Fabienne,2
758=,Ayodeji,1,,778=,Faizah,2
758=,Ayrton,1,,778=,Fatimah,2
758=,Azaan,1,,778=,Fion,2
758=,Azam,1,,778=,Fionn,2
758=,Azeem,1,,778=,Gail,2
758=,Azhar,1,,778=,Gayle,2
758=,Bailay,1,,778=,Genevieve,2
758=,Bailley,1,,778=,Georgea,2
758=,Baird,1,,778=,Giulia,2
758=,Bairre,1,,778=,Greer,2
758=,Balaal,1,,778=,Gurpreet,2
758=,Baley,1,,778=,Haley,2
758=,Barclay,1,,778=,Harmony,2
758=,Bari,1,,778=,Hiba,2
758=,Baris,1,,778=,Hibah,2
758=,Barnabas,1,,778=,Hira,2
758=,Barnaby,1,,778=,Honey,2
758=,Barrie,1,,778=,Ilana,2
758=,Basil,1,,778=,Indianna,2
758=,Bassil,1,,778=,Indya,2
758=,Baudouin,1,,778=,Ines,2
758=,Beckett,1,,778=,Inga,2
758=,Bellal,1,,778=,Iram,2
758=,Benjamin-Isaac,1,,778=,Iseabail,2
758=,Benny,1,,778=,Jacqualine,2
758=,Berk,1,,778=,Jaden,2
758=,Bertram,1,,778=,Jadene,2
758=,Binyam,1,,778=,Jadyn,2
758=,Binyameen,1,,778=,Jai,2
758=,Bipesh,1,,778=,Jaimee,2
758=,Blain,1,,778=,Jaimie,2
758=,Bleon,1,,778=,Jan,2
758=,Bleu,1,,778=,Jana,2
758=,Blue,1,,778=,Janet,2
758=,Bnar,1,,778=,Janey,2
758=,Bobbie,1,,778=,Janna,2
758=,Bogdan,1,,778=,Jasmyn,2
758=,Bohdi,1,,778=,Jaymi,2
758=,Bora,1,,778=,Jaymie,2
758=,Boris,1,,778=,Jazmyn,2
758=,Brady,1,,778=,Jodi-Leigh,2
758=,Brandin,1,,778=,Jodie-Anne,2
758=,Brandon-Jay,1,,778=,Jodie-Lee,2
758=,Brandon-Lee,1,,778=,Jodie-Leigh,2
758=,Brannan,1,,778=,Joely,2
758=,Bray,1,,778=,Johanna,2
758=,Breanden,1,,778=,Jolie,2
758=,Brenan,1,,778=,Ka,2
758=,Brenden,1,,778=,Kacy,2
758=,Brigen,1,,778=,Kady,2
758=,Brodi,1,,778=,Kai,2
758=,Brooke,1,,778=,Kaia,2
758=,Bruno,1,,778=,Kailey,2
758=,Bryan-William,1,,778=,Kaiya,2
758=,Bryden,1,,778=,Kameron,2
758=,Brydon,1,,778=,Kami,2
758=,Cabhan,1,,778=,Kanwal,2
758=,Caden,1,,778=,Karli,2
758=,Caelin,1,,778=,Karys,2
758=,Cahal,1,,778=,Kasie,2
758=,Cailan,1,,778=,Katelynn,2
758=,Caillen,1,,778=,Katey,2
758=,Cailum,1,,778=,Kathrine,2
758=,Caine,1,,778=,Katrin,2
758=,Caiol,1,,778=,Kaye,2
758=,Caithan,1,,778=,Kaylyn,2
758=,Calan,1,,778=,Kazia,2
758=,Cale,1,,778=,Keana,2
758=,Calen,1,,778=,Keanna,2
758=,Callam,1,,778=,Keara,2
758=,Callin,1,,778=,Keavy,2
758=,Callum-Fraser,1,,778=,Keegan,2
758=,Cally,1,,778=,Keeleigh,2
758=,Callyn,1,,778=,Kellsie,2
758=,Calumn,1,,778=,Kelly-Marie,2
758=,Calven,1,,778=,Kendra,2
758=,Calyn,1,,778=,Kennis,2
758=,Camryn,1,,778=,Kenza,2
758=,Carl,1,,778=,Kera,2
758=,Carlito,1,,778=,Keren,2
758=,Carlos,1,,778=,Kerri-Ann,2
758=,Carraig,1,,778=,Keziah,2
758=,Casper,1,,778=,Khara,2
758=,Cathan,1,,778=,Kiran,2
758=,Cavin,1,,778=,Kodie,2
758=,Cayden,1,,778=,Kody,2
758=,Ceallach,1,,778=,Korey,2
758=,Cedric,1,,778=,Kristi,2
758=,Ceiran,1,,778=,Kristie,2
758=,Chae,1,,778=,Kristina,2
758=,Chai,1,,778=,Lacey,2
758=,Challum,1,,778=,Laiba,2
758=,Chan-Ki,1,,778=,Laibah,2
758=,Chance,1,,778=,Leane,2
758=,Chandler,1,,778=,Leeanne,2
758=,Charly,1,,778=,Leilani,2
758=,Chowdhury,1,,778=,Leticia,2
758=,Chris,1,,778=,Lilidh,2
758=,Chuddry,1,,778=,Lillian,2
758=,Cieran,1,,778=,Lillie,2
758=,Cieren,1,,778=,Lilly,2
758=,Cieron,1,,778=,Lisa-Marie,2
758=,Cihan,1,,778=,Lotte,2
758=,Clarence,1,,778=,Luciana,2
758=,Claus,1,,778=,Luisa,2
758=,Clem,1,,778=,Lynette,2
758=,Clint,1,,778=,Maddison,2
758=,Clyde,1,,778=,Malena,2
758=,Cobe,1,,778=,Malikah,2
758=,Coby,1,,778=,Malissa,2
758=,Coel,1,,778=,Marcella,2
758=,Coinneach,1,,778=,Marcie,2
758=,Colby,1,,778=,Mari,2
758=,Collyn,1,,778=,Mariana,2
758=,Conlin,1,,778=,Marianna,2
758=,Connaire,1,,778=,Marion,2
758=,Connon,1,,778=,Marisa,2
758=,Constantinos,1,,778=,Mariya,2
758=,Copeland,1,,778=,Mariyam,2
758=,Cor,1,,778=,Marlene,2
758=,Coran,1,,778=,Marley,2
758=,Corbyn,1,,778=,Martina,2
758=,Coree,1,,778=,Mary-Jane,2
758=,Corhan,1,,778=,Maura,2
758=,Cormack,1,,778=,Meadow,2
758=,Corran,1,,778=,Meaghan,2
758=,Cortez,1,,778=,Mehreen,2
758=,Cougar,1,,778=,Melinda,2
758=,Coy,1,,778=,Mercedes,2
758=,Craiglewis,1,,778=,Meredith,2
758=,Cullen,1,,778=,Mhari,2
758=,Cupar,1,,778=,Miah,2
758=,Curt,1,,778=,Micaela,2
758=,Curtys,1,,778=,Mina,2
758=,Cymon,1,,778=,Mira,2
758=,Cynan,1,,778=,Miranda,2
758=,Dafydd,1,,778=,Miren,2
758=,Daine,1,,778=,Miryn,2
758=,Daiven,1,,778=,Mischa,2
758=,Dalip,1,,778=,Misha,2
758=,Dallas,1,,778=,Missy,2
758=,Damian,1,,778=,Moira,2
758=,Damiete,1,,778=,Morgane,2
758=,Danann,1,,778=,Morghan,2
758=,Daniaal,1,,778=,Murin,2
758=,Danial,1,,778=,Murryn,2
758=,Daniyal,1,,778=,Najwa,2
758=,Daoud,1,,778=,Nakita,2
758=,Darian-James,1,,778=,Necole,2
758=,Daris,1,,778=,Neva,2
758=,Darra,1,,778=,Nichola,2
758=,Darral,1,,778=,Nichole,2
758=,Darran,1,,778=,Nieve,2
758=,Darrell,1,,778=,Nikia,2
758=,Darrien,1,,778=,Nisha,2
758=,Darrin,1,,778=,Nur,2
758=,Darrio,1,,778=,Nyree,2
758=,Darrol,1,,778=,Octavia,2
758=,Darwyn,1,,778=,Orlagh,2
758=,Daryn,1,,778=,Patrice,2
758=,Dave,1,,778=,Penelope,2
758=,David-Iswell,1,,778=,Rabia,2
758=,David-James,1,,778=,Racheal,2
758=,Davidson,1,,778=,Rachelle,2
758=,Davies,1,,778=,Rahma,2
758=,Davis,1,,778=,Reagan,2
758=,Dawood,1,,778=,Rebeca,2
758=,Dawoud,1,,778=,Rebecca-Louise,2
758=,Dayl,1,,778=,Reece,2
758=,Dayle,1,,778=,Remi,2
758=,Daylen,1,,778=,Rhia,2
758=,Dayne,1,,778=,Rhiain,2
758=,Deakin,1,,778=,Rianna,2
758=,Declanlee,1,,778=,Riannon,2
758=,Declin,1,,778=,Ridha,2
758=,Deejay,1,,778=,Rio,2
758=,Dejan,1,,778=,Rita,2
758=,Deklyn,1,,778=,Rosalin,2
758=,Denni,1,,778=,Roseanna,2
758=,Denny,1,,778=,Rowen,2
758=,Denyn,1,,778=,Rowena,2
758=,Denzil,1,,778=,Roxanne,2
758=,Dermott,1,,778=,Saairah,2
758=,Derren,1,,778=,Sahara,2
758=,Derrin,1,,778=,Saira,2
758=,Deven,1,,778=,Sakina,2
758=,Devlin-Lewis,1,,778=,Salma,2
758=,Devyn,1,,778=,Sam,2
758=,Dhanyaal,1,,778=,Samiyah,2
758=,Dharmraj,1,,778=,Sammy-Jo,2
758=,Dheeshan,1,,778=,Sanaa,2
758=,Dhevlin,1,,778=,Sanah,2
758=,Dhilan,1,,778=,Saoirse,2
758=,Dhillon,1,,778=,Sarah-Beth,2
758=,Dhyllon,1,,778=,Sarah-Rose,2
758=,Diego,1,,778=,Sarahjane,2
758=,Diesel,1,,778=,Sascha,2
758=,Digory-John,1,,778=,Sehar,2
758=,Dilan,1,,778=,Seonaid,2
758=,Dildaar,1,,778=,Shanelle,2
758=,Diljot,1,,778=,Shannice,2
758=,Dillyn,1,,778=,Shannon-Louise,2
758=,Dimitris,1,,778=,Shannon-Marie,2
758=,Dino,1,,778=,Shanon,2
758=,Dion,1,,778=,Shareen,2
758=,Diyar,1,,778=,Sharmaine,2
758=,Dmitri,1,,778=,Sharon,2
758=,Dominik,1,,778=,Shea,2
758=,Domonik,1,,778=,Sneha,2
758=,Donic,1,,778=,Somaya,2
758=,Donnay,1,,778=,Sophie-Louise,2
758=,Donovan,1,,778=,Steffani,2
758=,Drae,1,,778=,Stevie,2
758=,Dragon,1,,778=,Sui,2
758=,Drew-Alexander,1,,778=,Sukhveer,2
758=,Drilon,1,,778=,Sumayyah,2
758=,Duff,1,,778=,Tabatha,2
758=,Durness,1,,778=,Talitha,2
758=,Dwain,1,,778=,Tamar,2
758=,Dylan-James,1,,778=,Tanisha,2
758=,Dylan-Michael,1,,778=,Tanith,2
758=,Dylan-Starr,1,,778=,Tasmin,2
758=,Eammon,1,,778=,Taya,2
758=,Eathan,1,,778=,Taylor-Jane,2
758=,Eben,1,,778=,Tazmin,2
758=,Eddison,1,,778=,Tegen,2
758=,Edgar,1,,778=,Tegyn,2
758=,Edwin,1,,778=,Tianna,2
758=,Eidhan,1,,778=,Tigan,2
758=,Eithen,1,,778=,Triniti,2
758=,Eldon,1,,778=,Trinity,2
758=,Elham,1,,778=,Tyne,2
758=,Elian,1,,778=,Ursula,2
758=,Eliott,1,,778=,Vhairi,2
758=,Elom,1,,778=,Violet,2
758=,Elsaf,1,,778=,Wendy,2
758=,Emil,1,,778=,Yasemin,2
758=,Emmanuel,1,,778=,Yusra,2
758=,Emrah,1,,778=,Zarah,2
758=,Emre,1,,778=,Zina,2
758=,Enis,1,,778=,Zoey,2
758=,Erfan,1,,1129=,Aaden,1
758=,Eshan,1,,1129=,Aaliyhia,1
758=,Eshveer,1,,1129=,Aamira,1
758=,Ethan-Craig,1,,1129=,Aaron,1
758=,Eugene,1,,1129=,Ab'i-Gail,1
758=,Evgeny,1,,1129=,Abagail,1
758=,Evin,1,,1129=,Abbey-Christina,1
758=,Ezekiel,1,,1129=,Abbeygayle,1
758=,Ezra,1,,1129=,Abbie-Jayne,1
758=,Fadhil,1,,1129=,Abbierosslyn,1
758=,Fahad,1,,1129=,Abbigale,1
758=,Fahdi,1,,1129=,Abbigayle,1
758=,Faheem,1,,1129=,Abby-Leigh,1
758=,Fahim,1,,1129=,Abeeha,1
758=,Faizaan,1,,1129=,Abidha,1
758=,Farbod,1,,1129=,Abie,1
758=,Fardin,1,,1129=,Abrar,1
758=,Fareed,1,,1129=,Abygael,1
758=,Farqad,1,,1129=,Acacia,1
758=,Farquhar,1,,1129=,Adeela,1
758=,Farris,1,,1129=,Adkaa,1
758=,Feargal,1,,1129=,Aelisha,1
758=,Ferdy,1,,1129=,Aemin,1
758=,Findal,1,,1129=,Aeryn,1
758=,Findley,1,,1129=,Aeyrn,1
758=,Finnen,1,,1129=,Afifah,1
758=,Finnlay,1,,1129=,Afsana,1
758=,Fintan,1,,1129=,Agnia,1
758=,Fionn,1,,1129=,Ahnum,1
758=,Fionnbharr,1,,1129=,Aideen,1
758=,Fionnlagh,1,,1129=,Aiesha,1
758=,Florian,1,,1129=,Aileas,1
758=,Floyd,1,,1129=,Aileigh,1
758=,Franky,1,,1129=,Ailey,1
758=,Frasier,1,,1129=,Aili,1
758=,Fred,1,,1129=,Ailish-Louise,1
758=,Frederic,1,,1129=,Aillie,1
758=,Fynlay,1,,1129=,Aimay,1
758=,Fyodor,1,,1129=,Aimee-Louise,1
758=,Gabor,1,,1129=,Aimee-Rose,1
758=,Gabryle,1,,1129=,Aine-Elohim,1
758=,Gage,1,,1129=,Ainsley,1
758=,Gaku,1,,1129=,Airyn,1
758=,Garath,1,,1129=,Aislin,1
758=,Garbhan,1,,1129=,Aizza,1
758=,Garis,1,,1129=,Aksa,1
758=,Gaurav,1,,1129=,Ala,1
758=,Geireann,1,,1129=,Alabama,1
758=,Geoff,1,,1129=,Alainna,1
758=,Georgio,1,,1129=,Alanis,1
758=,Gerald,1,,1129=,Alannya,1
758=,Geralto,1,,1129=,Alanya,1
758=,Gergo,1,,1129=,Alayna,1
758=,Gethin,1,,1129=,Alecia,1
758=,Gianluca,1,,1129=,Aleese,1
758=,Gianpaolo,1,,1129=,Aleesha,1
758=,Gideon,1,,1129=,Aleigha,1
758=,Gil,1,,1129=,Alesia,1
758=,Gio,1,,1129=,Alessandra,1
758=,Glasgow,1,,1129=,Alexandriah,1
758=,Glynn,1,,1129=,Alexs,1
758=,Goran,1,,1129=,Aleyna,1
758=,Gordon-Leon,1,,1129=,Alice-Beth,1
758=,Grady,1,,1129=,Alicea,1
758=,Granger,1,,1129=,Alicia-Jayne,1
758=,Gray,1,,1129=,Aliena,1
758=,Greame,1,,1129=,Aliesha,1
758=,Grey,1,,1129=,Alissa,1
758=,Griffin,1,,1129=,Alix-Jane,1
758=,Grover,1,,1129=,Aliza,1
758=,Gurpreet,1,,1129=,Alla,1
758=,Gustav,1,,1129=,Allanah,1
758=,Haddon,1,,1129=,Allanna,1
758=,Hadrien,1,,1129=,Allannalee,1
758=,Hagan,1,,1129=,Allena,1
758=,Haider,1,,1129=,Allex,1
758=,Haig,1,,1129=,Allexe,1
758=,Hajsan,1,,1129=,Allicia,1
758=,Haldan,1,,1129=,Allwyn,1
758=,Halsten,1,,1129=,Allyes,1
758=,Hamid,1,,1129=,Allys,1
758=,Hammad,1,,1129=,Allyson,1
758=,Hammam,1,,1129=,Alona,1
758=,Hanan,1,,1129=,Alycia,1
758=,Hannan,1,,1129=,Alysson,1
758=,Hannon,1,,1129=,Alyxandra,1
758=,Hao,1,,1129=,Amana,1
758=,Harald,1,,1129=,Amandalee,1
758=,Harman,1,,1129=,Amanie,1
758=,Harnek,1,,1129=,Amaya,1
758=,Harshekara,1,,1129=,Ambar,1
758=,Harun,1,,1129=,Amber-Lei,1
758=,Harys,1,,1129=,Amber-Rose,1
758=,Haseeb-Urrahman,1,,1129=,Amberlouise,1
758=,Hasen,1,,1129=,Ambika,1
758=,Hashem,1,,1129=,Ambreen,1
758=,Hashir,1,,1129=,Amee,1
758=,Hasnain,1,,1129=,Ameena,1
758=,Haydon,1,,1129=,Amelea,1
758=,Hayton,1,,1129=,Amelie,1
758=,Hayyaan,1,,1129=,Ameria,1
758=,Hazim,1,,1129=,Amie-Beth,1
758=,Hendry,1,,1129=,Amileigh,1
758=,Hew,1,,1129=,Amin,1
758=,Hoa,1,,1129=,Amit,1
758=,Houston,1,,1129=,Ammaarah,1
758=,Huckleberry,1,,1129=,Ammna,1
758=,Humayl,1,,1129=,Amneek,1
758=,Humza,1,,1129=,Amreeta,1
758=,Husan,1,,1129=,Amy-Elizabeth,1
758=,Husni,1,,1129=,Amy-Louise,1
758=,Hussein,1,,1129=,Amye,1
758=,Hussnain,1,,1129=,Amyleigh,1
758=,Ibraheim,1,,1129=,Anastacia,1
758=,Idan,1,,1129=,Anastaziah,1
758=,Iftekar,1,,1129=,Anaum,1
758=,Iftikhar,1,,1129=,Anaya,1
758=,Ikechukuka,1,,1129=,Andi,1
758=,Ilcic,1,,1129=,Andrina,1
758=,Ilias,1,,1129=,Andromeda,1
758=,Ilyas,1,,1129=,Aneek,1
758=,Iman,1,,1129=,Aneesah,1
758=,Inness,1,,1129=,Aneesha,1
758=,Innis,1,,1129=,Aneila,1
758=,Ioannis,1,,1129=,Aneka,1
758=,Irah,1,,1129=,Anelie,1
758=,Irbaaz,1,,1129=,Anfaal,1
758=,Irfaan,1,,1129=,Angjela,1
758=,Irtiza,1,,1129=,Aniqah,1
758=,Irvyn,1,,1129=,Anisah,1
758=,Ishaan,1,,1129=,Anissa,1
758=,Ishaaq,1,,1129=,Anita,1
758=,Ishan,1,,1129=,Anjum,1
758=,Isiajah,1,,1129=,Anmol,1
758=,Isikeli,1,,1129=,Anna-Adele,1
758=,Islam,1,,1129=,Anna-Mae,1
758=,Issa,1,,1129=,Anna-May,1
758=,Issac,1,,1129=,Annag,1
758=,Ivo,1,,1129=,Annalies,1
758=,Ivor,1,,1129=,Annalisa,1
758=,Iwan,1,,1129=,Anne-Marie,1
758=,Izak,1,,1129=,Annie-Marie,1
758=,Izzak,1,,1129=,Annya-Natasha,1
758=,Jaapher,1,,1129=,Anthea,1
758=,Jac,1,,1129=,Antonella,1
758=,Jacen,1,,1129=,Anum,1
758=,Jacobus,1,,1129=,Anxhela,1
758=,Jacque,1,,1129=,Anya-Leigh,1
758=,Jadsadaporn,1,,1129=,Aoibh,1
758=,Jai-Dev,1,,1129=,Aoibhinn,1
758=,Jaidan,1,,1129=,Aouicha,1
758=,Jaie,1,,1129=,Aphra,1
758=,Jaimz,1,,1129=,Aprill,1
758=,Jakke,1,,1129=,Aqsaa,1
758=,Jakobus,1,,1129=,Arabella,1
758=,Jamal,1,,1129=,Arieann,1
758=,James-Joseph,1,,1129=,Ariella,1
758=,James-Junior,1,,1129=,Ariessa,1
758=,James-Patrick,1,,1129=,Ariza,1
758=,Jamil,1,,1129=,Arlana,1
758=,Janbaaz,1,,1129=,Armina,1
758=,Jarod,1,,1129=,Armorel,1
758=,Jarred,1,,1129=,Arriane,1
758=,Jarrett,1,,1129=,Arrianna,1
758=,Jarvie,1,,1129=,Arrianne,1
758=,Jasem,1,,1129=,Arrietty,1
758=,Jason-John,1,,1129=,Arrochar,1
758=,Jasper,1,,1129=,Arryanna,1
758=,Jatinder,1,,1129=,Arusa,1
758=,Jawaad,1,,1129=,Arwa,1
758=,Jaxon,1,,1129=,Arwen,1
758=,Jaydan,1,,1129=,Ary-Louise,1
758=,Jayden-Lee,1,,1129=,Aryn,1
758=,Jaye,1,,1129=,Asawer,1
758=,Jayme,1,,1129=,Asfa,1
758=,Jaymis,1,,1129=,Ashlee,1
758=,Jaymz,1,,1129=,Ashleighjay,1
758=,Jean,1,,1129=,Ashling,1
758=,Jean-Luc,1,,1129=,Asiyah,1
758=,Jeepstar,1,,1129=,Asmaa,1
758=,Jeevan,1,,1129=,Asmmaa,1
758=,Jeff,1,,1129=,Aspen,1
758=,Jeffrey,1,,1129=,Aster,1
758=,Jemshan,1,,1129=,Aston,1
758=,Jes,1,,1129=,Astrud,1
758=,Jesse,1,,1129=,Asya,1
758=,Jett,1,,1129=,Athia,1
758=,Jez,1,,1129=,Atlantica-Leigh,1
758=,Jia,1,,1129=,Aumaima,1
758=,Jiarui,1,,1129=,Aurelia,1
758=,Jim,1,,1129=,Avril,1
758=,Jimmy,1,,1129=,Ayat,1
758=,Jo,1,,1129=,Ayeisha,1
758=,Joachim,1,,1129=,Ayleigh,1
758=,Jody,1,,1129=,Aylie,1
758=,Johan,1,,1129=,Aylin,1
758=,Johann,1,,1129=,Aynsley,1
758=,John-Angus,1,,1129=,Azami,1
758=,John-Joe,1,,1129=,Azariashanaz,1
758=,Johnathon,1,,1129=,Azka,1
758=,Johnathon-James,1,,1129=,Azra,1
758=,Johnlee,1,,1129=,Azraa,1
758=,Johnpaul,1,,1129=,Bahar,1
758=,Johnstone,1,,1129=,Bailee,1
758=,Joirdan,1,,1129=,Baileigh,1
758=,Jolon,1,,1129=,Bailie,1
758=,Jon-Luc,1,,1129=,Bailley,1
758=,Jonnie,1,,1129=,Baleigh,1
758=,Jonny,1,,1129=,Barbara-Ann,1
758=,Joo,1,,1129=,Bariah,1
758=,Jordan-Reece,1,,1129=,Basilia,1
758=,Jordanlee,1,,1129=,Baylea,1
758=,Jordyn-Lee,1,,1129=,Becca,1
758=,Jos,1,,1129=,Becci,1
758=,Josch,1,,1129=,Bekki,1
758=,Josiah,1,,1129=,Belanna,1
758=,Julian,1,,1129=,Belkise,1
758=,Jun,1,,1129=,Bella,1
758=,Junior,1,,1129=,Belle,1
758=,Jura,1,,1129=,Benita,1
758=,Jye,1,,1129=,Benna,1
758=,Kaasim,1,,1129=,Bethanay,1
758=,Kacy,1,,1129=,Bethani,1
758=,Kaelan,1,,1129=,Bethannie,1
758=,Kaelem,1,,1129=,Bethany-Jane,1
758=,Kaelin,1,,1129=,Bethinn,1
758=,Kaelum,1,,1129=,Betthany,1
758=,Kaidyn,1,,1129=,Biba,1
758=,Kaileb,1,,1129=,Billi,1
758=,Kailem,1,,1129=,Billi-Jo,1
758=,Kailum,1,,1129=,Billie-Ann,1
758=,Kais,1,,1129=,Billie-Jean,1
758=,Kaiyn,1,,1129=,Billie-Leigh,1
758=,Kalan,1,,1129=,Bisma,1
758=,Kale,1,,1129=,Bismah,1
758=,Kalem,1,,1129=,Blayne,1
758=,Kalin,1,,1129=,Blayz,1
758=,Kalle,1,,1129=,Bless,1
758=,Kamal,1,,1129=,Blue,1
758=,Kameran,1,,1129=,Bobbi-Mai,1
758=,Karamveer,1,,1129=,Bobi,1
758=,Karan,1,,1129=,Boe,1
758=,Kare,1,,1129=,Bonita,1
758=,Karrar,1,,1129=,Borghild,1
758=,Karrison,1,,1129=,Bozena,1
758=,Kaseim,1,,1129=,Bradie,1
758=,Kashif,1,,1129=,Brady,1
758=,Kasper,1,,1129=,Brandy,1
758=,Kaya,1,,1129=,Branwen,1
758=,Kaya-James,1,,1129=,Breagh,1
758=,Kaylum,1,,1129=,Breanna,1
758=,Kaysai,1,,1129=,Bree,1
758=,Kazimir,1,,1129=,Breeanna,1
758=,Keagan,1,,1129=,Breegan,1
758=,Kealan,1,,1129=,Bregen,1
758=,Kearann,1,,1129=,Breige,1
758=,Keatan,1,,1129=,Brenda-Leigh,1
758=,Keelin,1,,1129=,Brianka,1
758=,Keian,1,,1129=,Brianne,1
758=,Keifer,1,,1129=,Brieanna,1
758=,Keilym,1,,1129=,Brikena,1
758=,Kein,1,,1129=,Brione,1
758=,Keirin,1,,1129=,Brionney,1
758=,Kejvi,1,,1129=,Brionny,1
758=,Kel,1,,1129=,Britneylee,1
758=,Kelsey,1,,1129=,Broagan,1
758=,Kendall,1,,1129=,Brogane,1
758=,Kendy,1,,1129=,Brogen,1
758=,Kengo,1,,1129=,Brogyn,1
758=,Kensley,1,,1129=,Brogyn-Lee,1
758=,Kenzie,1,,1129=,Broiny,1
758=,Kered,1,,1129=,Bronan,1
758=,Kerem,1,,1129=,Brone,1
758=,Keshav,1,,1129=,Bronia,1
758=,Kester,1,,1129=,Brooke-Sian,1
758=,Kevin-Barry,1,,1129=,Brookeanne,1
758=,Keygan,1,,1129=,Brooklyne,1
758=,Kez,1,,1129=,Brooklynne,1
758=,Khaelem,1,,1129=,Brynja,1
758=,Khaleb,1,,1129=,Bryoni,1
758=,Khallad,1,,1129=,Bunty,1
758=,Kharamdeep,1,,1129=,Bushra,1
758=,Kia,1,,1129=,C-Jai,1
758=,Kiam,1,,1129=,Cahle-Marie,1
758=,Kiaran,1,,1129=,Cairine,1
758=,Kiel,1,,1129=,Cairyn,1
758=,Kielan,1,,1129=,Caissie,1
758=,Kier,1,,1129=,Caitaidh,1
758=,Kiern,1,,1129=,Caitlain,1
758=,Kieryn,1,,1129=,Caitley,1
758=,Kinaan,1,,1129=,Caitlind,1
758=,Kingsley,1,,1129=,Caitrin,1
758=,Kipp,1,,1129=,Caitriona,1
758=,Kit,1,,1129=,Caledonia,1
758=,Kiyan,1,,1129=,Cali,1
758=,Kjeld,1,,1129=,Calli,1
758=,Klayton,1,,1129=,Calli-Ann,1
758=,Kodey,1,,1129=,Callissa,1
758=,Kodi,1,,1129=,Camilla,1
758=,Kohnol,1,,1129=,Camille,1
758=,Kong,1,,1129=,Candece,1
758=,Konnar,1,,1129=,Cansel,1
758=,Konnor,1,,1129=,Caoilin,1
758=,Konor,1,,1129=,Careen,1
758=,Kool,1,,1129=,Cari,1
758=,Kori,1,,1129=,Cariad,1
758=,Krishan,1,,1129=,Carla-Jayne,1
758=,Kristinn,1,,1129=,Carlay,1
758=,Krisztian,1,,1129=,Carley,1
758=,Kuldeep,1,,1129=,Carlie-Mae,1
758=,Kurtis,1,,1129=,Carlyn,1
758=,Ky,1,,1129=,Carmel,1
758=,Kyan,1,,1129=,Carmin,1
758=,Kyielan,1,,1129=,Carolana,1
758=,Kyler,1,,1129=,Carolanne,1
758=,Kyro,1,,1129=,Carolyn,1
758=,Kyuss,1,,1129=,Carri,1
758=,Lachie,1,,1129=,Cartney,1
758=,Lance,1,,1129=,Caryn,1
758=,Lane,1,,1129=,Casey-Ann,1
758=,Larsson,1,,1129=,Cass,1
758=,Lauchlyn,1,,1129=,Cassandra,1
758=,Lauren,1,,1129=,Cassey,1
758=,Lawson,1,,1129=,Cassiah,1
758=,Lazaros,1,,1129=,Cassy,1
758=,Leaim,1,,1129=,Catharyna,1
758=,Leam,1,,1129=,Catherinanne,1
758=,Lee-James,1,,1129=,Cathrine,1
758=,Leedatona,1,,1129=,Catrice,1
758=,Leevi,1,,1129=,Caya,1
758=,Leif,1,,1129=,Caylin,1
758=,Leigh,1,,1129=,Caytlynn,1
758=,Leith,1,,1129=,Ceallach,1
758=,Lennie,1,,1129=,Ceeley,1
758=,Lennon-Christopher,1,,1129=,Ceilidh,1
758=,Lenny,1,,1129=,Ceiligh,1
758=,Leonardo,1,,1129=,Cein,1
758=,Leopold,1,,1129=,Ceinwen,1
758=,Leslie,1,,1129=,Ceira,1
758=,Levent,1,,1129=,Ceitidh,1
758=,Lewie,1,,1129=,Celine,1
758=,Lewys,1,,1129=,Celsey,1
758=,Lex,1,,1129=,Ceris,1
758=,Leyton,1,,1129=,Cerrin,1
758=,Liall,1,,1129=,Cerryann,1
758=,Liam-James,1,,1129=,Ceyda,1
758=,Lincoln,1,,1129=,Chaela,1
758=,Lindsay,1,,1129=,Chanice,1
758=,Linus,1,,1129=,Chaniece,1
758=,Lio,1,,1129=,Chanise,1
758=,Llewis,1,,1129=,Channelle,1
758=,Lochart,1,,1129=,Chantal,1
758=,Lochlainn,1,,1129=,Chantelle-Louise,1
758=,Lochlyn,1,,1129=,Charlay,1
758=,Lockhart,1,,1129=,Charlea,1
758=,Lockie,1,,1129=,Charlee-Jane,1
758=,Loic,1,,1129=,Charleen,1
758=,Lorentz,1,,1129=,Charley-Rene,1
758=,Louden,1,,1129=,Charlie-Ann,1
758=,Loudon,1,,1129=,Charlie-Jade,1
758=,Lucca,1,,1129=,Charlie-Janelle,1
758=,Luciano,1,,1129=,Charline,1
758=,Luckpreet,1,,1129=,Charlotte-Ann,1
758=,Luka,1,,1129=,Charlotte-Jane,1
758=,Lukasz,1,,1129=,Charmayne,1
758=,Luthais,1,,1129=,Charrece,1
758=,Luther,1,,1129=,Cheire,1
758=,Lydon,1,,1129=,Chelsai,1
758=,Lyes,1,,1129=,Chelsea-Ann,1
758=,Lyon,1,,1129=,Chelsea-Jane,1
758=,Lysandre,1,,1129=,Chelsea-Leigh,1
758=,Mabon,1,,1129=,Chemara,1
758=,Macalan,1,,1129=,Chennise,1
758=,Macallan,1,,1129=,Cheree,1
758=,Macaulay,1,,1129=,Cherhys,1
758=,Macauly,1,,1129=,Cherice,1
758=,Maccallum,1,,1129=,Cherleyne,1
758=,Macgregor,1,,1129=,Chevon,1
758=,Mackinlay,1,,1129=,Cheyan,1
758=,Mackinley,1,,1129=,Chi,1
758=,Macleod,1,,1129=,Chi-Hsiu,1
758=,Mahmoud,1,,1129=,Chiana,1
758=,Mahmud,1,,1129=,Chiara-Neve,1
758=,Mairaj,1,,1129=,Chihana,1
758=,Maison,1,,1129=,Chirstie,1
758=,Maksim,1,,1129=,Chirsty,1
758=,Malek,1,,1129=,Chivonne,1
758=,Malte,1,,1129=,Chleo,1
758=,Mandeep,1,,1129=,Chloe-Anne,1
758=,Mani,1,,1129=,Chloe-Leigh,1
758=,Maninder,1,,1129=,Chloe-Louise,1
758=,Manos,1,,1129=,Chloe-Nicole,1
758=,Manus,1,,1129=,Chloe-Rose,1
758=,Marc-Anthony,1,,1129=,Chloee,1
758=,Markas,1,,1129=,Chloie,1
758=,Marky,1,,1129=,Chorus,1
758=,Marley,1,,1129=,Chrissie,1
758=,Marlon,1,,1129=,Christa,1
758=,Marquis,1,,1129=,Christabel,1
758=,Marti,1,,1129=,Christi,1
758=,Marty,1,,1129=,Christiana,1
758=,Marvin,1,,1129=,Christianna,1
758=,Masaharu,1,,1129=,Chuk,1
758=,Masaru,1,,1129=,Chyann,1
758=,Masub,1,,1129=,Chyna,1
758=,Mateen,1,,1129=,Ciana,1
758=,Matheson,1,,1129=,Ciara-Leigh,1
758=,Matin,1,,1129=,Ciaragh,1
758=,Matiss,1,,1129=,Ciarra,1
758=,Maurice,1,,1129=,Cielo,1
758=,Maverick,1,,1129=,Ciorstaidh,1
758=,Maz,1,,1129=,Cissie,1
758=,Mckenzie,1,,1129=,Claire-Ann,1
758=,Mckinley,1,,1129=,Clara-Maria,1
758=,Mehdi,1,,1129=,Clarice,1
758=,Melvin,1,,1129=,Clarinda,1
758=,Meredith,1,,1129=,Claudine,1
758=,Merie,1,,1129=,Claye,1
758=,Mert,1,,1129=,Clemence,1
758=,Messam,1,,1129=,Cliodhna,1
758=,Micah,1,,1129=,Cliona,1
758=,Mickie,1,,1129=,Clodagh,1
758=,Mihindu,1,,1129=,Codey,1
758=,Mika,1,,1129=,Codymarie,1
758=,Mikael,1,,1129=,Coire,1
758=,Mikenzie,1,,1129=,Colomba,1
758=,Miko,1,,1129=,Connie-Lee,1
758=,Millad,1,,1129=,Constance,1
758=,Miraji,1,,1129=,Copelyn,1
758=,Mirza,1,,1129=,Coral,1
758=,Mitsuru,1,,1129=,Corey,1
758=,Moad,1,,1129=,Corinna,1
758=,Moayed,1,,1129=,Corra,1
758=,Mobin,1,,1129=,Corrin,1
758=,Mohan,1,,1129=,Corrina,1
758=,Moneb,1,,1129=,Corrine,1
758=,Moosa,1,,1129=,Corryn,1
758=,Morgyn,1,,1129=,Corvette,1
758=,Morris,1,,1129=,Cosette,1
758=,Mortimer,1,,1129=,Courtenay,1
758=,Morton,1,,1129=,Courtnee,1
758=,Mostafa,1,,1129=,Courtney-Leigh,1
758=,Mostyn,1,,1129=,Courtney-Louise,1
758=,Mouther,1,,1129=,Courtney-Megan,1
758=,Muneeb,1,,1129=,Cree,1
758=,Munib,1,,1129=,Cristyn,1
758=,Murad,1,,1129=,Cushla,1
758=,Muralidharan,1,,1129=,D'arci,1
758=,Mussa,1,,1129=,Daenah,1
758=,Mustafa,1,,1129=,Dahlia,1
758=,Mykel,1,,1129=,Dahnya,1
758=,Nadiratul,1,,1129=,Daizi,1
758=,Nafees,1,,1129=,Daley,1
758=,Nali,1,,1129=,Dalvinder,1
758=,Nalin,1,,1129=,Danai,1
758=,Naoise,1,,1129=,Daniah,1
758=,Nasir,1,,1129=,Danica,1
758=,Nathanael,1,,1129=,Daniyah,1
758=,Ndukuru,1,,1129=,Dannah,1
758=,Neale,1,,1129=,Dannie,1
758=,Nev,1,,1129=,Dannii,1
758=,Nevan,1,,1129=,Dara,1
758=,Nevin,1,,1129=,Daragh,1
758=,Nezar,1,,1129=,Darby,1
758=,Nikhil,1,,1129=,Darerca,1
758=,Nils,1,,1129=,Daria,1
758=,Ninian,1,,1129=,Darienne,1
758=,Nishanthan,1,,1129=,Darina,1
758=,Niyah,1,,1129=,Darra-Louise,1
758=,Nizar,1,,1129=,Darrian,1
758=,Njord,1,,1129=,Daryl,1
758=,Noa,1,,1129=,Davise,1
758=,Noel,1,,1129=,Daya,1
758=,Noey,1,,1129=,Daye,1
758=,Noory,1,,1129=,Debi,1
758=,Nuaym,1,,1129=,Deborah-Louise,1
758=,Nuhan,1,,1129=,Deeanna,1
758=,Numair,1,,1129=,Deena,1
758=,Nuri,1,,1129=,Deirdre,1
758=,Nyall,1,,1129=,Della,1
758=,Odhran,1,,1129=,Demi-Lee,1
758=,Oliver-Jack,1,,1129=,Demi-Louise,1
758=,Oluwatobiloba,1,,1129=,Demileigh,1
758=,Omer,1,,1129=,Demmie-Leigh,1
758=,Onni,1,,1129=,Dena,1
758=,Orlando,1,,1129=,Denada,1
758=,Ory,1,,1129=,Denbie,1
758=,Osman,1,,1129=,Denver,1
758=,Oswald,1,,1129=,Denvyr,1
758=,Otis,1,,1129=,Deonne,1
758=,Owais-Ur,1,,1129=,Deri,1
758=,Owayes,1,,1129=,Derinn,1
758=,Ozan,1,,1129=,Desiree,1
758=,Pablo,1,,1129=,Devlin,1
758=,Pacey,1,,1129=,Devoney,1
758=,Padmavathani,1,,1129=,Devyn,1
758=,Paisley,1,,1129=,Dharla,1
758=,Panayis,1,,1129=,Dhemi,1
758=,Parth,1,,1129=,Diana,1
758=,Pasquale,1,,1129=,Diaz,1
758=,Patric,1,,1129=,Dihya,1
758=,Paul-John,1,,1129=,Dilan,1
758=,Pavan,1,,1129=,Dionyne,1
758=,Peadar,1,,1129=,Dior,1
758=,Pearse-Brandyn,1,,1129=,Divneet,1
758=,Peri,1,,1129=,Dizzy,1
758=,Perry,1,,1129=,Djamila,1
758=,Phelim,1,,1129=,Donnalee,1
758=,Pheonix,1,,1129=,Dulanjale,1
758=,Phoenix,1,,1129=,Dyba,1
758=,Pierre-Samy,1,,1129=,Ealasaid,1
758=,Ping,1,,1129=,Eavan,1
758=,Pouya,1,,1129=,Eboni,1
758=,Prabir,1,,1129=,Ebru,1
758=,Pranav,1,,1129=,Ece,1
758=,Prentice,1,,1129=,Ecem,1
758=,Preston,1,,1129=,Ecy,1
758=,Pritpal,1,,1129=,Eda,1
758=,Qais,1,,1129=,Eddi,1
758=,Qamar,1,,1129=,Edie,1
758=,Quin,1,,1129=,Edyn,1
758=,Quinlan,1,,1129=,Eesha,1
758=,Quinnley,1,,1129=,Ehren,1
758=,Raafi,1,,1129=,Eila,1
758=,Raemond,1,,1129=,Eilidh-Rees,1
758=,Rafael,1,,1129=,Eilis,1
758=,Raheem,1,,1129=,Eimear,1
758=,Rahim,1,,1129=,Eimer,1
758=,Rai,1,,1129=,Ekatherina,1
758=,Raiden,1,,1129=,Elah,1
758=,Raif,1,,1129=,Elaina,1
758=,Raife,1,,1129=,Elarna,1
758=,Raigan,1,,1129=,Elefteria,1
758=,Ralph,1,,1129=,Elen,1
758=,Rami,1,,1129=,Eliana,1
758=,Ramie,1,,1129=,Elidh,1
758=,Ramish,1,,1129=,Elif,1
758=,Ramneek,1,,1129=,Elinor,1
758=,Ramzi,1,,1129=,Elisa-Rose,1
758=,Rani,1,,1129=,Elishba,1
758=,Raoul,1,,1129=,Elissa,1
758=,Raphael,1,,1129=,Ellenor,1
758=,Ravi,1,,1129=,Elliann,1
758=,Ravinder,1,,1129=,Ellie-Anne,1
758=,Ray,1,,1129=,Ellie-Jane,1
758=,Rayan,1,,1129=,Ellie-Louise,1
758=,Razaa,1,,1129=,Ellie-Mae,1
758=,Reace,1,,1129=,Ellie-Rose,1
758=,Redford,1,,1129=,Elliemae,1
758=,Reed,1,,1129=,Ellissa,1
758=,Reegan,1,,1129=,Elly,1
758=,Rees,1,,1129=,Ellya,1
758=,Reeve,1,,1129=,Ellyn,1
758=,Regin,1,,1129=,Ellys,1
758=,Reginald,1,,1129=,Elma,1
758=,Rehan,1,,1129=,Eloisa,1
758=,Reid,1,,1129=,Elouise,1
758=,Reis,1,,1129=,Elvira,1
758=,Reison,1,,1129=,Elysha,1
758=,Reisse,1,,1129=,Emaan,1
758=,Remo,1,,1129=,Eman,1
758=,Reuban,1,,1129=,Emel,1
758=,Reuel,1,,1129=,Emelia,1
758=,Revan,1,,1129=,Emilie-Jane,1
758=,Reyes,1,,1129=,Emilija,1
758=,Reyna,1,,1129=,Emily-Becky,1
758=,Rhian,1,,1129=,Emily-Jade,1
758=,Rhis,1,,1129=,Emily-Louise,1
758=,Rhobaidh,1,,1129=,Emma-Jane,1
758=,Rhonan,1,,1129=,Emma-Leigh,1
758=,Rhuari,1,,1129=,Emmalisa,1
758=,Rhudi,1,,1129=,Emmalouise,1
758=,Rhudiadh,1,,1129=,Emmerleigh,1
758=,Rhuiri,1,,1129=,Emmie,1
758=,Rhuridh,1,,1129=,Emmie-Lee,1
758=,Rhyan,1,,1129=,Emna,1
758=,Ricardo,1,,1129=,Enise,1
758=,Riccardo,1,,1129=,Eren,1
758=,Ricco,1,,1129=,Erin-Maia,1
758=,Ricki,1,,1129=,Erinn,1
758=,Rilie,1,,1129=,Erinna,1
758=,Rion,1,,1129=,Erinrose,1
758=,Riordan,1,,1129=,Erraid,1
758=,Ripon,1,,1129=,Esha,1
758=,Rivers,1,,1129=,Eslam,1
758=,Riyad,1,,1129=,Estella,1
758=,Rizwaan,1,,1129=,Estrella,1
758=,Roberto,1,,1129=,Ethnie,1
758=,Rockford,1,,1129=,Ezri,1
758=,Roddie,1,,1129=,Faatimah,1
758=,Rohaan,1,,1129=,Faber,1
758=,Rohnyn,1,,1129=,Fabiah,1
758=,Roi,1,,1129=,Fae,1
758=,Rojhat,1,,1129=,Fahron,1
758=,Roland,1,,1129=,Faie,1
758=,Ronain,1,,1129=,Faimah,1
758=,Roozbeh,1,,1129=,Faith-Marie,1
758=,Rori,1,,1129=,Fardau,1
758=,Rorie,1,,1129=,Fareena,1
758=,Roshan,1,,1129=,Fariah,1
758=,Rotem,1,,1129=,Farihah,1
758=,Rowallan,1,,1129=,Farrah,1
758=,Rowen,1,,1129=,Farwah,1
758=,Roy,1,,1129=,Farzana,1
758=,Ruaidhri,1,,1129=,Fathima,1
758=,Ruaidri,1,,1129=,Fayth,1
758=,Ruan,1,,1129=,Feiting,1
758=,Rui,1,,1129=,Femke,1
758=,Rupert,1,,1129=,Fennella,1
758=,Ruraidh,1,,1129=,Feorlin,1
758=,Rye,1,,1129=,Ferdaousse,1
758=,Ryian,1,,1129=,Ferne,1
758=,Saad,1,,1129=,Feza,1
758=,Saagar,1,,1129=,Filumena,1
758=,Saajid,1,,1129=,Finley,1
758=,Sabar,1,,1129=,Finola,1
758=,Sabawoun,1,,1129=,Fionna,1
758=,Sabeel,1,,1129=,Fionnuala,1
758=,Sacha,1,,1129=,Fioralba,1
758=,Sachin,1,,1129=,Fiorenza,1
758=,Sadhil,1,,1129=,Firdous,1
758=,Saem,1,,1129=,Fizah,1
758=,Sahal,1,,1129=,Fizza,1
758=,Saiyed,1,,1129=,Fizzah,1
758=,Sajan,1,,1129=,Fradma,1
758=,Sajjad,1,,1129=,Franki,1
758=,Samad,1,,1129=,Frankie,1
758=,Sameel,1,,1129=,Fransesca,1
758=,Sameer,1,,1129=,Freddie,1
758=,Sami,1,,1129=,Freija,1
758=,Samier,1,,1129=,Freja,1
758=,Sammy,1,,1129=,Freyja,1
758=,Samson,1,,1129=,Gabby,1
758=,Samual,1,,1129=,Gabriela,1
758=,Samual-Robert,1,,1129=,Gaby,1
758=,Samuele,1,,1129=,Gadassa,1
758=,Sandeep,1,,1129=,Gael,1
758=,Sanjith,1,,1129=,Gaia,1
758=,Santiago,1,,1129=,Galen,1
758=,Sapahr,1,,1129=,Gaynor,1
758=,Sateesh,1,,1129=,Gemma-Lee,1
758=,Satnam,1,,1129=,Geni,1
758=,Saud,1,,1129=,Genna,1
758=,Sayf,1,,1129=,Georgene,1
758=,Sayfali,1,,1129=,Georgi,1
758=,Sayyab,1,,1129=,Georgiana,1
758=,Sean-Paul,1,,1129=,Georgianna,1
758=,Sebastiaan,1,,1129=,Georgie-Leigh,1
758=,Sebastiano,1,,1129=,Georgina-Anne,1
758=,Sebastien,1,,1129=,Gessica-Anamarie,1
758=,Seefaw,1,,1129=,Giana,1
758=,Seon,1,,1129=,Gianna,1
758=,Seraj,1,,1129=,Gigha,1
758=,Sergio,1,,1129=,Gigi,1
758=,Serif,1,,1129=,Giorgia,1
758=,Shaahan,1,,1129=,Gizem,1
758=,Shaan,1,,1129=,Gulzar,1
758=,Shae,1,,1129=,Gurleen,1
758=,Shahbaz,1,,1129=,Gursharan,1
758=,Shahbrahman,1,,1129=,Gurvina,1
758=,Shahroz,1,,1129=,Hadia,1
758=,Shahzaib,1,,1129=,Hafsa,1
758=,Shakar,1,,1129=,Hagar,1
758=,Shakayne,1,,1129=,Hageri,1
758=,Shalom,1,,1129=,Haifa,1
758=,Shamus,1,,1129=,Hailie,1
758=,Sharokh,1,,1129=,Haillie,1
758=,Shaundeep,1,,1129=,Halcyon,1
758=,Shaw,1,,1129=,Haleema,1
758=,Shayan,1,,1129=,Haleemah-Naseem,1
758=,Shedden,1,,1129=,Halia,1
758=,Shehroz,1,,1129=,Halle,1
758=,Sheikh,1,,1129=,Hamra,1
758=,Sheldon,1,,1129=,Hanadi,1
758=,Shing,1,,1129=,Hani,1
758=,Shjon,1,,1129=,Haniya,1
758=,Shoaib,1,,1129=,Hanyah,1
758=,Sholto,1,,1129=,Hardev,1
758=,Shreyan,1,,1129=,Harinder,1
758=,Shun,1,,1129=,Harini,1
758=,Shuyang,1,,1129=,Harjeet,1
758=,Siddharth,1,,1129=,Harleigh,1
758=,Silas,1,,1129=,Harpreet,1
758=,Simeon,1,,1129=,Harsimran,1
758=,Simran,1,,1129=,Havana,1
758=,Sjoerd,1,,1129=,Havanna,1
758=,Skye,1,,1129=,Hazel-Ann,1
758=,Sleiman,1,,1129=,Heather-Mirin,1
758=,Sohaib,1,,1129=,Heeran,1
758=,Sohail,1,,1129=,Hei,1
758=,Soham,1,,1129=,Helene,1
758=,Somhairle,1,,1129=,Heloise,1
758=,Sonny-D'courian,1,,1129=,Hermione,1
758=,Soren,1,,1129=,Hester,1
758=,Stan-Leigh,1,,1129=,Hibbah,1
758=,Stanton,1,,1129=,Hiera,1
758=,Stavros,1,,1129=,Hifza,1
758=,Stein,1,,1129=,Hirra,1
758=,Stephan,1,,1129=,Hiu,1
758=,Stephen-Paul,1,,1129=,Hoi,1
758=,Steve,1,,1129=,Hollie-Anne,1
758=,Steven-James,1,,1129=,Holly-Ann,1
758=,Steven-Jamie,1,,1129=,Huma,1
758=,Storm,1,,1129=,Humairaa,1
758=,Stormy,1,,1129=,Humera,1
758=,Strath,1,,1129=,Humna,1
758=,Struthan,1,,1129=,Humnah,1
758=,Subhaan,1,,1129=,Hurmat,1
758=,Sudais,1,,1129=,Husna,1
758=,Suhit,1,,1129=,Ifrah,1
758=,Sulayman,1,,1129=,Ikra,1
758=,Suleman,1,,1129=,Ikrah,1
758=,Suleyman,1,,1129=,Ileia,1
758=,Sunghram,1,,1129=,Illani,1
758=,Sunny,1,,1129=,Illianna,1
758=,T-Jay,1,,1129=,Ilona,1
758=,Tadgh,1,,1129=,Imman,1
758=,Tadiwanashe,1,,1129=,Inaya,1
758=,Taggert,1,,1129=,Inayah,1
758=,Tague,1,,1129=,Indea,1
758=,Taha,1,,1129=,Indiah,1
758=,Tai-River,1,,1129=,Indiana,1
758=,Taiki,1,,1129=,Indica,1
758=,Taimur,1,,1129=,Indusha,1
758=,Taine,1,,1129=,Inez,1
758=,Tait,1,,1129=,Innes,1
758=,Take,1,,1129=,Insiyah,1
758=,Talor,1,,1129=,Iomia,1
758=,Tanatswa,1,,1129=,Iona-Jo,1
758=,Tanveer,1,,1129=,Iona-Maree,1
758=,Taran,1,,1129=,Iona-Marie,1
758=,Tarek,1,,1129=,Ioni,1
758=,Tariq,1,,1129=,Irada,1
758=,Tarmo,1,,1129=,Iris,1
758=,Taurai,1,,1129=,Irona,1
758=,Taylan,1,,1129=,Irsah,1
758=,Taylr,1,,1129=,Isis,1
758=,Tayyib,1,,1129=,Islah-Maree,1
758=,Teal,1,,1129=,Israa,1
758=,Ted,1,,1129=,Ivy,1
758=,Teddy,1,,1129=,Izzie,1
758=,Tee-Jay,1,,1129=,Jacalyn,1
758=,Tegan,1,,1129=,Jackie,1
758=,Tejay,1,,1129=,Jacklyn,1
758=,Teo,1,,1129=,Jaclyn,1
758=,Terrence,1,,1129=,Jada,1
758=,Teun,1,,1129=,Jadzia,1
758=,Teyfik,1,,1129=,Jae,1
758=,Theophile,1,,1129=,Jahanara,1
758=,Thian,1,,1129=,Jaiden,1
758=,Thijuran,1,,1129=,Jaime-Leigh,1
758=,Thom,1,,1129=,Jaime-Louise,1
758=,Thomas-John,1,,1129=,Jaimee-Lee,1
758=,Thorfinn,1,,1129=,Jaimee-Leigh,1
758=,Tiaan,1,,1129=,Jaimeleigh,1
758=,Tiam,1,,1129=,Jamie-Ann,1
758=,Tiarnan,1,,1129=,Jamie-Lea,1
758=,Tieran,1,,1129=,Jamie-Louise,1
758=,Tim,1,,1129=,Jamielee,1
758=,Timur,1,,1129=,Janelle,1
758=,Titus,1,,1129=,Jannat,1
758=,Todd,1,,1129=,Jasleen,1
758=,Tolga,1,,1129=,Javairiya,1
758=,Tomie,1,,1129=,Jay-Mi,1
758=,Toney,1,,1129=,Jayd,1
758=,Tonie,1,,1129=,Jayde-Lea,1
758=,Tor,1,,1129=,Jaydyn,1
758=,Torbjorn,1,,1129=,Jayme,1
758=,Torren,1,,1129=,Jaymee,1
758=,Torrunn,1,,1129=,Jaymi-Nicole,1
758=,Trai,1,,1129=,Jaymie-Lee,1
758=,Tre,1,,1129=,Jaynie,1
758=,Tren,1,,1129=,Jeannette,1
758=,Trevor,1,,1129=,Jema,1
758=,Tristian,1,,1129=,Jeni,1
758=,Tristram,1,,1129=,Jenijo,1
758=,Turan,1,,1129=,Jenna-Lee,1
758=,Tylar,1,,1129=,Jennie,1
758=,Tyler-Jay,1,,1129=,Jennifer-Elizabeth,1
758=,Tymen,1,,1129=,Jenniferlouise,1
758=,Tyreece,1,,1129=,Jeri,1
758=,Tyrese,1,,1129=,Jerica,1
758=,Ubaidullah,1,,1129=,Jerry,1
758=,Uisdean,1,,1129=,Jesika,1
758=,Umair,1,,1129=,Jeska,1
758=,Umberto,1,,1129=,Jesse,1
758=,Umer,1,,1129=,Jessica-Jayne,1
758=,Unays,1,,1129=,Jessica-Rose,1
758=,Usama,1,,1129=,Jessika,1
758=,Ussfan,1,,1129=,Jessy,1
758=,Uwais,1,,1129=,Jia,1
758=,Vasileios,1,,1129=,Jing,1
758=,Veeraj,1,,1129=,Jo-Dee,1
758=,Vinay,1,,1129=,Joan,1
758=,Vyon,1,,1129=,Joelle,1
758=,Wade,1,,1129=,Joey,1
758=,Wahid,1,,1129=,Johann,1
758=,Wakelin,1,,1129=,Johanne,1
758=,Waseem,1,,1129=,Joirdan,1
758=,Wayde,1,,1129=,Joley,1
758=,Wei,1,,1129=,Joli,1
758=,Werner,1,,1129=,Jomanah,1
758=,Westlyn,1,,1129=,Joni,1
758=,Weston,1,,1129=,Jordan-Jaye,1
758=,William-Alexander,1,,1129=,Jordann,1
758=,Willum,1,,1129=,Jorden,1
758=,Winston,1,,1129=,Jordhan,1
758=,Yaheya,1,,1129=,Jordon,1
758=,Yahia,1,,1129=,Jordon-Lee,1
758=,Yalcin,1,,1129=,Jordyan,1
758=,Yann,1,,1129=,Jordynn,1
758=,Yaqub,1,,1129=,Jorge,1
758=,Yik-Yeung,1,,1129=,Jorgia,1
758=,Yiu,1,,1129=,Jorji,1
758=,Ynys,1,,1129=,Josefine,1
758=,Yordi,1,,1129=,Josey,1
758=,You,1,,1129=,Joyce,1
758=,Youcef,1,,1129=,Joyee,1
758=,Yousif,1,,1129=,Jozie,1
758=,Yousof,1,,1129=,Judy,1
758=,Yousr,1,,1129=,Julianna,1
758=,Yuki,1,,1129=,Julieta,1
758=,Yuma,1,,1129=,Justina,1
758=,Yusef,1,,1129=,Kadi,1
758=,Yuta,1,,1129=,Kadie,1
758=,Zacc,1,,1129=,Kadin,1
758=,Zaccori,1,,1129=,Kadylee,1
758=,Zackaria,1,,1129=,Kaela,1
758=,Zackary,1,,1129=,Kaelin,1
758=,Zaen,1,,1129=,Kaelyn,1
758=,Zafa,1,,1129=,Kahia,1
758=,Zahir,1,,1129=,Kaicey,1
758=,Zakariah,1,,1129=,Kaiesha,1
758=,Zakary,1,,1129=,Kaighley,1
758=,Zakk,1,,1129=,Kailah,1
758=,Zarak,1,,1129=,Kailan,1
758=,Zayyan,1,,1129=,Kaileigh,1
758=,Zeeshaan,1,,1129=,Kailin,1
758=,Zefron,1,,1129=,Kainat,1
758=,Zehn,1,,1129=,Kaisha,1
758=,Zerak,1,,1129=,Kaitlan,1
758=,Zeshaan,1,,1129=,Kaitlind,1
758=,Zharick,1,,1129=,Kaitlyn-Maree,1
758=,Zidan,1,,1129=,Kaitlynd,1
758=,Zine,1,,1129=,Kaitlynn,1
758=,Ziniu,1,,1129=,Kaitlynne,1
,,,,1129=,Kaity,1
,,,,1129=,Kajal,1
,,,,1129=,Kaleigh,1
,,,,1129=,Kalisha,1
,,,,1129=,Kallai,1
,,,,1129=,Kallan,1
,,,,1129=,Kalsoom,1
,,,,1129=,Kamiela,1
,,,,1129=,Kamryn,1
,,,,1129=,Kandice,1
,,,,1129=,Kara-Anne,1
,,,,1129=,Karam,1
,,,,1129=,Kareen,1
,,,,1129=,Karli-Jo,1
,,,,1129=,Karmen,1
,,,,1129=,Karra,1
,,,,1129=,Karys-Tina,1
,,,,1129=,Kasey-Leigh,1
,,,,1129=,Kasi,1
,,,,1129=,Kassidi,1
,,,,1129=,Kathleenann,1
,,,,1129=,Kati,1
,,,,1129=,Katie-Ann,1
,,,,1129=,Katie-Anne,1
,,,,1129=,Katie-Leigh,1
,,,,1129=,Katiemarie,1
,,,,1129=,Katlyne,1
,,,,1129=,Katrena,1
,,,,1129=,Katryn,1
,,,,1129=,Katy-Leigh,1
,,,,1129=,Katya,1
,,,,1129=,Kayann,1
,,,,1129=,Kaycee,1
,,,,1129=,Kayci,1
,,,,1129=,Kaydi,1
,,,,1129=,Kaylah,1
,,,,1129=,Kaylie,1
,,,,1129=,Kaylienna,1
,,,,1129=,Kaylynne,1
,,,,1129=,Kayra,1
,,,,1129=,Kaytlin,1
,,,,1129=,Kaytlin-Louise,1
,,,,1129=,Kaytlyn,1
,,,,1129=,Kaytlynn,1
,,,,1129=,Kaytoni,1
,,,,1129=,Kearly,1
,,,,1129=,Keavey,1
,,,,1129=,Keavi,1
,,,,1129=,Keela,1
,,,,1129=,Keelay,1
,,,,1129=,Keelin,1
,,,,1129=,Keeragh,1
,,,,1129=,Keeva,1
,,,,1129=,Keirra,1
,,,,1129=,Keisha,1
,,,,1129=,Keishia,1
,,,,1129=,Kelci,1
,,,,1129=,Kelci-Leigh,1
,,,,1129=,Kelis,1
,,,,1129=,Kelise,1
,,,,1129=,Kellan,1
,,,,1129=,Kellesey,1
,,,,1129=,Kellsey,1
,,,,1129=,Kelly-Ann,1
,,,,1129=,Kelly-Jane,1
,,,,1129=,Kellyann,1
,,,,1129=,Kelsiey,1
,,,,1129=,Kemilyn,1
,,,,1129=,Kenah,1
,,,,1129=,Kendel,1
,,,,1129=,Kenedi,1
,,,,1129=,Kenilea,1
,,,,1129=,Kenleigh,1
,,,,1129=,Kenlyn,1
,,,,1129=,Kennedie,1
,,,,1129=,Kennedy-Leigh,1
,,,,1129=,Kensi,1
,,,,1129=,Kensie,1
,,,,1129=,Kerah,1
,,,,1129=,Keran,1
,,,,1129=,Kerilouise,1
,,,,1129=,Kerra,1
,,,,1129=,Kerri-Anne,1
,,,,1129=,Kerrianne,1
,,,,1129=,Kerrileigh,1
,,,,1129=,Kerrin,1
,,,,1129=,Kerryanne,1
,,,,1129=,Kerryn,1
,,,,1129=,Kerstin,1
,,,,1129=,Keyana,1
,,,,1129=,Keziah-Roisin,1
,,,,1129=,Khadeejah,1
,,,,1129=,Khadija,1
,,,,1129=,Khali,1
,,,,1129=,Khiana,1
,,,,1129=,Khiya,1
,,,,1129=,Khyra,1
,,,,1129=,Kian,1
,,,,1129=,Kiarra,1
,,,,1129=,Kiaya,1
,,,,1129=,Kielyn,1
,,,,1129=,Kierra,1
,,,,1129=,Kiersten,1
,,,,1129=,Kimberleigh,1
,,,,1129=,Kimla,1
,,,,1129=,King,1
,,,,1129=,Kinneret,1
,,,,1129=,Kirandeep,1
,,,,1129=,Kirin,1
,,,,1129=,Kirsteen,1
,,,,1129=,Kirsti-Ann,1
,,,,1129=,Kirsty-Louise,1
,,,,1129=,Kitlaq,1
,,,,1129=,Kitty,1
,,,,1129=,Kiyonna,1
,,,,1129=,Klodiana,1
,,,,1129=,Kobi,1
,,,,1129=,Kodii,1
,,,,1129=,Konni,1
,,,,1129=,Koral,1
,,,,1129=,Korina,1
,,,,1129=,Kourtney,1
,,,,1129=,Krissti,1
,,,,1129=,Krista,1
,,,,1129=,Kristy,1
,,,,1129=,Kriti,1
,,,,1129=,Krystal,1
,,,,1129=,Ktlyn,1
,,,,1129=,Kuratulain,1
,,,,1129=,Kyah,1
,,,,1129=,Kyha,1
,,,,1129=,Kylie-Marie,1
,,,,1129=,Kymberley,1
,,,,1129=,Kymberlie,1
,,,,1129=,Kyneisha,1
,,,,1129=,Kyra-Louise,1
,,,,1129=,Kyrah,1
,,,,1129=,Kyrmina,1
,,,,1129=,Laareb,1
,,,,1129=,Labeena,1
,,,,1129=,Lacy,1
,,,,1129=,Laetitia,1
,,,,1129=,Lahmia,1
,,,,1129=,Laila-Marley,1
,,,,1129=,Laina,1
,,,,1129=,Laina-Ann,1
,,,,1129=,Laityn,1
,,,,1129=,Lamisah,1
,,,,1129=,Lana-Jay,1
,,,,1129=,Laney,1
,,,,1129=,Laoise,1
,,,,1129=,Larah,1
,,,,1129=,Laraib,1
,,,,1129=,Latasha,1
,,,,1129=,Latitia,1
,,,,1129=,Latonia,1
,,,,1129=,Lauranne,1
,,,,1129=,Laurel,1
,,,,1129=,Lauren-Louise,1
,,,,1129=,Lauren-Rose,1
,,,,1129=,Lauretta,1
,,,,1129=,Laurin,1
,,,,1129=,Laurissa,1
,,,,1129=,Lawrie,1
,,,,1129=,Layna,1
,,,,1129=,Leaha,1
,,,,1129=,Leann,1
,,,,1129=,Leanna,1
,,,,1129=,Lee-Anne,1
,,,,1129=,Leeha,1
,,,,1129=,Leena,1
,,,,1129=,Leiah,1
,,,,1129=,Leigh-Anne,1
,,,,1129=,Leighona,1
,,,,1129=,Leilah,1
,,,,1129=,Lennie-Louise,1
,,,,1129=,Leone,1
,,,,1129=,Leonore,1
,,,,1129=,Letisha,1
,,,,1129=,Lexanne,1
,,,,1129=,Lexie,1
,,,,1129=,Lexy,1
,,,,1129=,Leykin,1
,,,,1129=,Leylah,1
,,,,1129=,Leyna,1
,,,,1129=,Lhanna,1
,,,,1129=,Liah,1
,,,,1129=,Lian,1
,,,,1129=,Lidia,1
,,,,1129=,Liefje,1
,,,,1129=,Lieke,1
,,,,1129=,Lilas,1
,,,,1129=,Lile,1
,,,,1129=,Lili-Xan,1
,,,,1129=,Lilian,1
,,,,1129=,Liliana,1
,,,,1129=,Lily-Rose,1
,,,,1129=,Lina,1
,,,,1129=,Lindsaymarie,1
,,,,1129=,Lindy,1
,,,,1129=,Ling,1
,,,,1129=,Lise,1
,,,,1129=,Lisette,1
,,,,1129=,Liusaidh,1
,,,,1129=,Livia,1
,,,,1129=,Lizanne,1
,,,,1129=,Lora,1
,,,,1129=,Loran,1
,,,,1129=,Lorena,1
,,,,1129=,Loretta,1
,,,,1129=,Lori-Lee,1
,,,,1129=,Loriana,1
,,,,1129=,Lorne,1
,,,,1129=,Lottie,1
,,,,1129=,Louie,1
,,,,1129=,Louise-Jane,1
,,,,1129=,Louize,1
,,,,1129=,Lourdes,1
,,,,1129=,Luana,1
,,,,1129=,Lubna,1
,,,,1129=,Luby,1
,,,,1129=,Luci,1
,,,,1129=,Lucienne,1
,,,,1129=,Lucina,1
,,,,1129=,Lucy-Ann,1
,,,,1129=,Lucy-Danielle,1
,,,,1129=,Lucy-Jane,1
,,,,1129=,Luisaidh,1
,,,,1129=,Lulu,1
,,,,1129=,Lunjika,1
,,,,1129=,Lynne,1
,,,,1129=,Lynsay,1
,,,,1129=,Lynzi,1
,,,,1129=,Lynzie,1
,,,,1129=,Maaria,1
,,,,1129=,Maariya,1
,,,,1129=,Maarya,1
,,,,1129=,Macenna,1
,,,,1129=,Machaela,1
,,,,1129=,Mackenna,1
,,,,1129=,Madalena,1
,,,,1129=,Madalina,1
,,,,1129=,Maddy,1
,,,,1129=,Madesha,1
,,,,1129=,Maeanna,1
,,,,1129=,Maegan,1
,,,,1129=,Magdalene,1
,,,,1129=,Maggie,1
,,,,1129=,Maha,1
,,,,1129=,Maham,1
,,,,1129=,Mahli,1
,,,,1129=,Mahreen,1
,,,,1129=,Maija,1
,,,,1129=,Mairaid,1
,,,,1129=,Mairiann,1
,,,,1129=,Maisha,1
,,,,1129=,Maisy,1
,,,,1129=,Makenzie,1
,,,,1129=,Malaak,1
,,,,1129=,Malaika,1
,,,,1129=,Maleeha,1
,,,,1129=,Malia,1
,,,,1129=,Mame,1
,,,,1129=,Man,1
,,,,1129=,Manasi,1
,,,,1129=,Mandi,1
,,,,1129=,Mandylouise,1
,,,,1129=,Manpreet,1
,,,,1129=,Marcadies,1
,,,,1129=,Marcelle,1
,,,,1129=,Marci,1
,,,,1129=,Marcia,1
,,,,1129=,Margaux-Annie-Rose,1
,,,,1129=,Margherita,1
,,,,1129=,Marhea,1
,,,,1129=,Marhi,1
,,,,1129=,Mariama,1
,,,,1129=,Marian,1
,,,,1129=,Marie-Louise,1
,,,,1129=,Marie-Therese,1
,,,,1129=,Marieke,1
,,,,1129=,Mariesa,1
,,,,1129=,Marilyn,1
,,,,1129=,Mariyah,1
,,,,1129=,Marla,1
,,,,1129=,Marlee,1
,,,,1129=,Marlie,1
,,,,1129=,Marni,1
,,,,1129=,Marran,1
,,,,1129=,Marriam,1
,,,,1129=,Martha-Jane,1
,,,,1129=,Martine,1
,,,,1129=,Mary-Ann,1
,,,,1129=,Mary-Kate,1
,,,,1129=,Maryellen,1
,,,,1129=,Marykate,1
,,,,1129=,Marylin,1
,,,,1129=,Maryn,1
,,,,1129=,Maryrose,1
,,,,1129=,Maryuam,1
,,,,1129=,Masooma,1
,,,,1129=,Mathilda,1
,,,,1129=,Mattie,1
,,,,1129=,Maud,1
,,,,1129=,Mavi,1
,,,,1129=,Max,1
,,,,1129=,May,1
,,,,1129=,Mckayla,1
,,,,1129=,Mckenna,1
,,,,1129=,Mckern,1
,,,,1129=,Meagan,1
,,,,1129=,Medea,1
,,,,1129=,Meera,1
,,,,1129=,Megan-Leigh,1
,,,,1129=,Megane,1
,,,,1129=,Megann,1
,,,,1129=,Meganrose,1
,,,,1129=,Megen,1
,,,,1129=,Meggan,1
,,,,1129=,Megha,1
,,,,1129=,Meghane,1
,,,,1129=,Meghann,1
,,,,1129=,Mehak,1
,,,,1129=,Mei,1
,,,,1129=,Meila,1
,,,,1129=,Meisha,1
,,,,1129=,Mel,1
,,,,1129=,Melangell,1
,,,,1129=,Melina,1
,,,,1129=,Melisa,1
,,,,1129=,Melissa-Ann,1
,,,,1129=,Mellanie,1
,,,,1129=,Mellissa,1
,,,,1129=,Melony,1
,,,,1129=,Memona,1
,,,,1129=,Mena,1
,,,,1129=,Meno,1
,,,,1129=,Merab,1
,,,,1129=,Merlin,1
,,,,1129=,Merrisa,1
,,,,1129=,Merryn,1
,,,,1129=,Meryem,1
,,,,1129=,Meryl,1
,,,,1129=,Mesha,1
,,,,1129=,Mhairi-Jai,1
,,,,1129=,Mhari-Ann,1
,,,,1129=,Mharia,1
,,,,1129=,Mhoren,1
,,,,1129=,Mia-Gabriella,1
,,,,1129=,Miara,1
,,,,1129=,Miarin,1
,,,,1129=,Mica,1
,,,,1129=,Michaella,1
,,,,1129=,Mickella,1
,,,,1129=,Mie,1
,,,,1129=,Mihindukulasuriya,1
,,,,1129=,Mika,1
,,,,1129=,Mikha,1
,,,,1129=,Miki,1
,,,,1129=,Mikyla,1
,,,,1129=,Milan,1
,,,,1129=,Milena,1
,,,,1129=,Mili,1
,,,,1129=,Milli,1
,,,,1129=,Millissa,1
,,,,1129=,Mima,1
,,,,1129=,Minah,1
,,,,1129=,Minahil,1
,,,,1129=,Mirah,1
,,,,1129=,Miran,1
,,,,1129=,Mirella,1
,,,,1129=,Misdha,1
,,,,1129=,Misha-Nicole,1
,,,,1129=,Miya,1
,,,,1129=,Mobeen,1
,,,,1129=,Molli,1
,,,,1129=,Momena,1
,,,,1129=,Mona,1
,,,,1129=,Moneca,1
,,,,1129=,Monika,1
,,,,1129=,Monisah,1
,,,,1129=,Montanna,1
,,,,1129=,Montserrat,1
,,,,1129=,Morgan-Lei,1
,,,,1129=,Morgan-Louise,1
,,,,1129=,Morganne,1
,,,,1129=,Morgen,1
,,,,1129=,Moriom,1
,,,,1129=,Morna,1
,,,,1129=,Morrin,1
,,,,1129=,Morvyn,1
,,,,1129=,Moy,1
,,,,1129=,Moya,1
,,,,1129=,Muireall,1
,,,,1129=,Muirinn,1
,,,,1129=,Muirne,1
,,,,1129=,Murdina,1
,,,,1129=,Murhan,1
,,,,1129=,Murron-Anne,1
,,,,1129=,Murrun,1
,,,,1129=,Muskiran,1
,,,,1129=,Mya-Taylor,1
,,,,1129=,Myada,1
,,,,1129=,Mychaela,1
,,,,1129=,Myla,1
,,,,1129=,Myra,1
,,,,1129=,Myren,1
,,,,1129=,Myron,1
,,,,1129=,Myrran,1
,,,,1129=,Myrren,1
,,,,1129=,Nabihah,1
,,,,1129=,Nadele,1
,,,,1129=,Nadena,1
,,,,1129=,Nadish,1
,,,,1129=,Nadiyah,1
,,,,1129=,Nadja,1
,,,,1129=,Nadya,1
,,,,1129=,Nahal,1
,,,,1129=,Naia,1
,,,,1129=,Naiha,1
,,,,1129=,Naila,1
,,,,1129=,Naima,1
,,,,1129=,Nairne,1
,,,,1129=,Namood-E-Sehar,1
,,,,1129=,Nancy,1
,,,,1129=,Naomei,1
,,,,1129=,Naomh,1
,,,,1129=,Naomi-Jane,1
,,,,1129=,Nareesh,1
,,,,1129=,Nareh,1
,,,,1129=,Narein,1
,,,,1129=,Narin,1
,,,,1129=,Narissa,1
,,,,1129=,Naseeha,1
,,,,1129=,Natalya,1
,,,,1129=,Nathania,1
,,,,1129=,Navdip,1
,,,,1129=,Navkiran,1
,,,,1129=,Nayela,1
,,,,1129=,Nayyara,1
,,,,1129=,Nazanin,1
,,,,1129=,Nea,1
,,,,1129=,Neamh,1
,,,,1129=,Neela,1
,,,,1129=,Neelum,1
,,,,1129=,Neeve,1
,,,,1129=,Neiruz,1
,,,,1129=,Neisha,1
,,,,1129=,Nekole,1
,,,,1129=,Neola,1
,,,,1129=,Neomi,1
,,,,1129=,Nerea,1
,,,,1129=,Nerrice,1
,,,,1129=,Niah,1
,,,,1129=,Niav,1
,,,,1129=,Nichol,1
,,,,1129=,Nico,1
,,,,1129=,Nicole-Ann,1
,,,,1129=,Nicole-Lee,1
,,,,1129=,Nicolette,1
,,,,1129=,Nicolle,1
,,,,1129=,Nidine,1
,,,,1129=,Nikayla,1
,,,,1129=,Niki,1
,,,,1129=,Nikkala,1
,,,,1129=,Nikkia,1
,,,,1129=,Nikkita,1
,,,,1129=,Nikyra,1
,,,,1129=,Nimal,1
,,,,1129=,Nimra,1
,,,,1129=,Nioma,1
,,,,1129=,Niomay,1
,,,,1129=,Nishath,1
,,,,1129=,Nittiya,1
,,,,1129=,Niyah,1
,,,,1129=,Noor,1
,,,,1129=,Noor-Bibi,1
,,,,1129=,Noor-E-Hira,1
,,,,1129=,Nooriya,1
,,,,1129=,Nora,1
,,,,1129=,Nouhad,1
,,,,1129=,Nula,1
,,,,1129=,Nurul,1
,,,,1129=,Nya,1
,,,,1129=,Nyala,1
,,,,1129=,Nyna,1
,,,,1129=,Nyreedawn,1
,,,,1129=,Ocean,1
,,,,1129=,Odichimnma,1
,,,,1129=,Odilia,1
,,,,1129=,Olivya,1
,,,,1129=,Omaima,1
,,,,1129=,On,1
,,,,1129=,Onnagh,1
,,,,1129=,Oona,1
,,,,1129=,Oonagh,1
,,,,1129=,Orianne,1
,,,,1129=,Orita,1
,,,,1129=,Pacha,1
,,,,1129=,Paddileigh,1
,,,,1129=,Pagan,1
,,,,1129=,Paighton,1
,,,,1129=,Panya,1
,,,,1129=,Paramjyot,1
,,,,1129=,Pardiss,1
,,,,1129=,Paris,1
,,,,1129=,Paris-Leigh,1
,,,,1129=,Parisa,1
,,,,1129=,Parmjeet,1
,,,,1129=,Parris,1
,,,,1129=,Parveen,1
,,,,1129=,Pascale,1
,,,,1129=,Paton,1
,,,,1129=,Patyn,1
,,,,1129=,Paulette,1
,,,,1129=,Pauline,1
,,,,1129=,Pawan,1
,,,,1129=,Paysleigh,1
,,,,1129=,Payton,1
,,,,1129=,Pearl,1
,,,,1129=,Peri,1
,,,,1129=,Persia,1
,,,,1129=,Petra,1
,,,,1129=,Peyton,1
,,,,1129=,Pietra,1
,,,,1129=,Pippa,1
,,,,1129=,Pippin,1
,,,,1129=,Pollyanna,1
,,,,1129=,Pooja,1
,,,,1129=,Poonam,1
,,,,1129=,Porsche,1
,,,,1129=,Preya,1
,,,,1129=,Princella,1
,,,,1129=,Prithi,1
,,,,1129=,Priyah,1
,,,,1129=,Priyanka,1
,,,,1129=,Pul,1
,,,,1129=,Pyper,1
,,,,1129=,Qialing,1
,,,,1129=,Qindeel,1
,,,,1129=,Rabeeah,1
,,,,1129=,Rabeel,1
,,,,1129=,Rabiya,1
,,,,1129=,Rachael-Maria,1
,,,,1129=,Rachal,1
,,,,1129=,Rachelann,1
,,,,1129=,Rachele,1
,,,,1129=,Radina,1
,,,,1129=,Radwa,1
,,,,1129=,Rae-Anne,1
,,,,1129=,Raeanna,1
,,,,1129=,Raeanne,1
,,,,1129=,Raegan-Leigh,1
,,,,1129=,Raewyn,1
,,,,1129=,Ragen,1
,,,,1129=,Rahat,1
,,,,1129=,Raigan,1
,,,,1129=,Raiham,1
,,,,1129=,Rameesah,1
,,,,1129=,Rana,1
,,,,1129=,Rania,1
,,,,1129=,Rawan,1
,,,,1129=,Rayan,1
,,,,1129=,Rayhannah,1
,,,,1129=,Rayna-Lee,1
,,,,1129=,Rayne,1
,,,,1129=,Raynor,1
,,,,1129=,Razwana,1
,,,,1129=,Reanna,1
,,,,1129=,Rebbecca,1
,,,,1129=,Rebecah,1
,,,,1129=,Rebeccah,1
,,,,1129=,Rebeckah,1
,,,,1129=,Rebekah-Louise,1
,,,,1129=,Reegan,1
,,,,1129=,Reese,1
,,,,1129=,Reggin,1
,,,,1129=,Reghan,1
,,,,1129=,Rehab,1
,,,,1129=,Rehana,1
,,,,1129=,Reina,1
,,,,1129=,Rejoice,1
,,,,1129=,Rema,1
,,,,1129=,Remy,1
,,,,1129=,Rena,1
,,,,1129=,Rene,1
,,,,1129=,Reneigh,1
,,,,1129=,Reni,1
,,,,1129=,Renne,1
,,,,1129=,Retaj,1
,,,,1129=,Reyhan,1
,,,,1129=,Rhaegan,1
,,,,1129=,Rhana,1
,,,,1129=,Rhayann,1
,,,,1129=,Rhayanon,1
,,,,1129=,Rheagane,1
,,,,1129=,Rheann,1
,,,,1129=,Rheanna,1
,,,,1129=,Rhemshah,1
,,,,1129=,Rhiannan,1
,,,,1129=,Rhianon,1
,,,,1129=,Rhiona,1
,,,,1129=,Rhionna,1
,,,,1129=,Rhoda,1
,,,,1129=,Rhuie,1
,,,,1129=,Rhyanna,1
,,,,1129=,Rhylie,1
,,,,1129=,Ribh,1
,,,,1129=,Richeldis,1
,,,,1129=,Riha,1
,,,,1129=,Rihana,1
,,,,1129=,Rikki-Lee,1
,,,,1129=,Rikkilee,1
,,,,1129=,Rima,1
,,,,1129=,Rimsha,1
,,,,1129=,Rina,1
,,,,1129=,Riona,1
,,,,1129=,Robbie-Leigh,1
,,,,1129=,Robeena,1
,,,,1129=,Roberta,1
,,,,1129=,Romana,1
,,,,1129=,Romessa,1
,,,,1129=,Romi,1
,,,,1129=,Ronnie,1
,,,,1129=,Roopneet,1
,,,,1129=,Rosaleen,1
,,,,1129=,Rosalind,1
,,,,1129=,Rosalynn,1
,,,,1129=,Rosamaria,1
,,,,1129=,Rosanna,1
,,,,1129=,Rosheen,1
,,,,1129=,Roshni,1
,,,,1129=,Roshvinder,1
,,,,1129=,Rossi,1
,,,,1129=,Rosy,1
,,,,1129=,Rowanna,1
,,,,1129=,Rowanne,1
,,,,1129=,Roza,1
,,,,1129=,Rozlyn,1
,,,,1129=,Rubal,1
,,,,1129=,Rubekah,1
,,,,1129=,Ruby-Anne,1
,,,,1129=,Rudi,1
,,,,1129=,Ruqaiya,1
,,,,1129=,Ruqayyah,1
,,,,1129=,Ruqqiyah,1
,,,,1129=,Ruwayda,1
,,,,1129=,Ryanne,1
,,,,1129=,Ryeka,1
,,,,1129=,Ryley,1
,,,,1129=,Saafiya,1
,,,,1129=,Saarah,1
,,,,1129=,Saba,1
,,,,1129=,Sabah,1
,,,,1129=,Sabina,1
,,,,1129=,Sabiqa,1
,,,,1129=,Sabreena,1
,,,,1129=,Sabrije,1
,,,,1129=,Sabryna,1
,,,,1129=,Sadaaf,1
,,,,1129=,Sadhbh,1
,,,,1129=,Sadhika,1
,,,,1129=,Sadia,1
,,,,1129=,Safah,1
,,,,1129=,Safi,1
,,,,1129=,Safia,1
,,,,1129=,Safiya,1
,,,,1129=,Safron,1
,,,,1129=,Saideh,1
,,,,1129=,Saima,1
,,,,1129=,Salam,1
,,,,1129=,Saleha,1
,,,,1129=,Saliha,1
,,,,1129=,Sally-Ann,1
,,,,1129=,Salwa,1
,,,,1129=,Salyha,1
,,,,1129=,Salyma,1
,,,,1129=,Samah,1
,,,,1129=,Samara,1
,,,,1129=,Sameet,1
,,,,1129=,Samia,1
,,,,1129=,Samicha,1
,,,,1129=,Sammy,1
,,,,1129=,Sammy-Lee,1
,,,,1129=,Samra,1
,,,,1129=,Sana',1
,,,,1129=,Sandi,1
,,,,1129=,Santana,1
,,,,1129=,Sanya,1
,,,,1129=,Sara-Jayne,1
,,,,1129=,Sarah-Ann,1
,,,,1129=,Sarah-Claire,1
,,,,1129=,Sarah-Leanne,1
,,,,1129=,Sarah-Liz,1
,,,,1129=,Sarahlouise,1
,,,,1129=,Sarann,1
,,,,1129=,Sasha-Lea,1
,,,,1129=,Savana,1
,,,,1129=,Savannah-Rose,1
,,,,1129=,Sawab,1
,,,,1129=,Sayma,1
,,,,1129=,Scarlet,1
,,,,1129=,Seana,1
,,,,1129=,Seckia,1
,,,,1129=,Seher,1
,,,,1129=,Sehreen,1
,,,,1129=,Sehrish,1
,,,,1129=,Sehyr,1
,,,,1129=,Selina,1
,,,,1129=,Selina-Louise,1
,,,,1129=,Semma,1
,,,,1129=,Sena,1
,,,,1129=,Senga,1
,,,,1129=,Seona,1
,,,,1129=,Sereina,1
,,,,1129=,Sevan,1
,,,,1129=,Shaelea,1
,,,,1129=,Shahida,1
,,,,1129=,Shahna,1
,,,,1129=,Shana-Michelle,1
,,,,1129=,Shanah,1
,,,,1129=,Shanden,1
,,,,1129=,Shanead,1
,,,,1129=,Shaneese,1
,,,,1129=,Shani,1
,,,,1129=,Shaniece,1
,,,,1129=,Shaniese,1
,,,,1129=,Shanika,1
,,,,1129=,Shanique,1
,,,,1129=,Shanisse,1
,,,,1129=,Shanley,1
,,,,1129=,Shannagh,1
,,,,1129=,Shannan,1
,,,,1129=,Shannen-Louise,1
,,,,1129=,Shannon-Dionne,1
,,,,1129=,Shannon-Lea,1
,,,,1129=,Shannon-Lee,1
,,,,1129=,Shanza,1
,,,,1129=,Sharandeep,1
,,,,1129=,Sharanjit,1
,,,,1129=,Shareefa,1
,,,,1129=,Sharell,1
,,,,1129=,Shari,1
,,,,1129=,Shariah,1
,,,,1129=,Sharna-Paige,1
,,,,1129=,Sharrah,1
,,,,1129=,Sharvani,1
,,,,1129=,Shaunah,1
,,,,1129=,Shaunee,1
,,,,1129=,Shaunet,1
,,,,1129=,Shauney,1
,,,,1129=,Shaunie,1
,,,,1129=,Shaunni,1
,,,,1129=,Shauntelle,1
,,,,1129=,Shavaun,1
,,,,1129=,Shavon,1
,,,,1129=,Shawna,1
,,,,1129=,Shawnay,1
,,,,1129=,Shawnee,1
,,,,1129=,Shawnie,1
,,,,1129=,Shayleigh,1
,,,,1129=,Shayne,1
,,,,1129=,Shaynel,1
,,,,1129=,Shaznay,1
,,,,1129=,Sheena,1
,,,,1129=,Shela,1
,,,,1129=,Shelbi,1
,,,,1129=,Shella-Narise,1
,,,,1129=,Shelly,1
,,,,1129=,Sheonagh,1
,,,,1129=,Sherice,1
,,,,1129=,Sheridan-Leigh,1
,,,,1129=,Sherrie,1
,,,,1129=,Shevaun,1
,,,,1129=,Shikira,1
,,,,1129=,Shinade,1
,,,,1129=,Shira,1
,,,,1129=,Shireen,1
,,,,1129=,Shivani,1
,,,,1129=,Shivone,1
,,,,1129=,Shivwani,1
,,,,1129=,Shoshanna,1
,,,,1129=,Shruti,1
,,,,1129=,Shula,1
,,,,1129=,Sianise,1
,,,,1129=,Siena,1
,,,,1129=,Sigrun,1
,,,,1129=,Silan,1
,,,,1129=,Silvia,1
,,,,1129=,Simay,1
,,,,1129=,Simeone,1
,,,,1129=,Simranjeet,1
,,,,1129=,Simrin,1
,,,,1129=,Sinnead,1
,,,,1129=,Siobhan-Marie,1
,,,,1129=,Sion,1
,,,,1129=,Sioned,1
,,,,1129=,Sitinurhafiqah,1
,,,,1129=,Siubhan,1
,,,,1129=,Skye-Marie,1
,,,,1129=,Slsabeel,1
,,,,1129=,Sobia,1
,,,,1129=,Sofi,1
,,,,1129=,Sofiyah,1
,,,,1129=,Sohair,1
,,,,1129=,Solphie,1
,,,,1129=,Sonja,1
,,,,1129=,Sophie-Laura,1
,,,,1129=,Sophy,1
,,,,1129=,Soraya,1
,,,,1129=,Soria,1
,,,,1129=,Sorrel,1
,,,,1129=,Spencer,1
,,,,1129=,Stacey-Michelle,1
,,,,1129=,Stacie,1
,,,,1129=,Stacy,1
,,,,1129=,Stephanie-Jo,1
,,,,1129=,Steveni,1
,,,,1129=,Stevy,1
,,,,1129=,Stirling,1
,,,,1129=,Storm,1
,,,,1129=,Suad,1
,,,,1129=,Subhana,1
,,,,1129=,Suen,1
,,,,1129=,Suhana,1
,,,,1129=,Suhur,1
,,,,1129=,Suk,1
,,,,1129=,Sukhmani,1
,,,,1129=,Sula,1
,,,,1129=,Sultan,1
,,,,1129=,Sumera,1
,,,,1129=,Sumita,1
,,,,1129=,Sumra,1
,,,,1129=,Sunera,1
,,,,1129=,Sunny,1
,,,,1129=,Suraya,1
,,,,1129=,Suriya,1
,,,,1129=,Susanne,1
,,,,1129=,Suvi,1
,,,,1129=,Suzaan,1
,,,,1129=,Suzanna,1
,,,,1129=,Suzi,1
,,,,1129=,Sydney,1
,,,,1129=,Sydni,1
,,,,1129=,Sylvie,1
,,,,1129=,Sylviette,1
,,,,1129=,Symone,1
,,,,1129=,Taelor,1
,,,,1129=,Tagwen,1
,,,,1129=,Tahiya,1
,,,,1129=,Tahlar,1
,,,,1129=,Tahmina,1
,,,,1129=,Taighler,1
,,,,1129=,Tailor,1
,,,,1129=,Tain,1
,,,,1129=,Taine,1
,,,,1129=,Taisia,1
,,,,1129=,Taiyba,1
,,,,1129=,Taja,1
,,,,1129=,Takwa,1
,,,,1129=,Talana,1
,,,,1129=,Talla,1
,,,,1129=,Tallulah,1
,,,,1129=,Tallulah-Belle,1
,,,,1129=,Tamarrah,1
,,,,1129=,Tami,1
,,,,1129=,Tami-Lee,1
,,,,1129=,Tammi,1
,,,,1129=,Tammie,1
,,,,1129=,Tammy-Leigh,1
,,,,1129=,Tamra,1
,,,,1129=,Tamson,1
,,,,1129=,Tamzen,1
,,,,1129=,Tamzyn,1
,,,,1129=,Tanisa,1
,,,,1129=,Tannith,1
,,,,1129=,Tansy,1
,,,,1129=,Tanvi,1
,,,,1129=,Tanzy,1
,,,,1129=,Taqwa,1
,,,,1129=,Taraneh,1
,,,,1129=,Taris,1
,,,,1129=,Tarra,1
,,,,1129=,Taryn,1
,,,,1129=,Tasfia,1
,,,,1129=,Tasha,1
,,,,1129=,Tasina,1
,,,,1129=,Taskeen,1
,,,,1129=,Tasman,1
,,,,1129=,Tasneem,1
,,,,1129=,Taybah,1
,,,,1129=,Taylar,1
,,,,1129=,Taylare,1
,,,,1129=,Tayller,1
,,,,1129=,Taylor-Jayne,1
,,,,1129=,Taylor-Lee,1
,,,,1129=,Taylor-Leigh,1
,,,,1129=,Tbasum,1
,,,,1129=,Teaghan,1
,,,,1129=,Teah,1
,,,,1129=,Teale,1
,,,,1129=,Tehya,1
,,,,1129=,Teighen,1
,,,,1129=,Teighlor,1
,,,,1129=,Tenci,1
,,,,1129=,Thalia,1
,,,,1129=,Theresa,1
,,,,1129=,Theresa-Jo,1
,,,,1129=,Thomasin,1
,,,,1129=,Tia-Jane,1
,,,,1129=,Tia-Louise,1
,,,,1129=,Tiah,1
,,,,1129=,Tiegan-Jade,1
,,,,1129=,Tiger,1
,,,,1129=,Tiger-Anne,1
,,,,1129=,Tillie,1
,,,,1129=,Timika,1
,,,,1129=,Tiree,1
,,,,1129=,Tobi,1
,,,,1129=,Tomi,1
,,,,1129=,Toni-Lee,1
,,,,1129=,Toni-Louise,1
,,,,1129=,Toni-Marie,1
,,,,1129=,Tonii,1
,,,,1129=,Toyah,1
,,,,1129=,Tracianne,1
,,,,1129=,Tristyn,1
,,,,1129=,Trudi,1
,,,,1129=,Trudy,1
,,,,1129=,Tsen,1
,,,,1129=,Tuba,1
,,,,1129=,Tya,1
,,,,1129=,Tyesha,1
,,,,1129=,Tyla,1
,,,,1129=,Tze,1
,,,,1129=,Udayangi,1
,,,,1129=,Umarah,1
,,,,1129=,Una,1
,,,,1129=,Urooj,1
,,,,1129=,Usra,1
,,,,1129=,Uswa,1
,,,,1129=,Vaila,1
,,,,1129=,Valentina,1
,,,,1129=,Valeria,1
,,,,1129=,Vanessa,1
,,,,1129=,Vari,1
,,,,1129=,Veera,1
,,,,1129=,Venkata,1
,,,,1129=,Venus,1
,,,,1129=,Verona,1
,,,,1129=,Veronica,1
,,,,1129=,Vershah,1
,,,,1129=,Vhari,1
,,,,1129=,Vharrey,1
,,,,1129=,Vicki,1
,,,,1129=,Victoria-Jane,1
,,,,1129=,Vikki,1
,,,,1129=,Violette,1
,,,,1129=,Virginia,1
,,,,1129=,Vivienne,1
,,,,1129=,Waad,1
,,,,1129=,Wai,1
,,,,1129=,Walaa,1
,,,,1129=,Wednesday,1
,,,,1129=,Willa,1
,,,,1129=,Wren,1
,,,,1129=,Xara,1
,,,,1129=,Xena,1
,,,,1129=,Xhuljana,1
,,,,1129=,Xiaochen,1
,,,,1129=,Yah,1
,,,,1129=,Yana,1
,,,,1129=,Yanire,1
,,,,1129=,Yanna,1
,,,,1129=,Yasmeen,1
,,,,1129=,Yellise,1
,,,,1129=,Yenesei,1
,,,,1129=,Yesim,1
,,,,1129=,Yesnaby,1
,,,,1129=,Yolanda,1
,,,,1129=,Yue,1
,,,,1129=,Yves,1
,,,,1129=,Yvie,1
,,,,1129=,Yvonne,1
,,,,1129=,Zahara,1
,,,,1129=,Zahrah,1
,,,,1129=,Zaina,1
,,,,1129=,Zakiya,1
,,,,1129=,Zanib,1
,,,,1129=,Zaraleah,1
,,,,1129=,Zaria,1
,,,,1129=,Zaynah,1
,,,,1129=,Zeenat,1
,,,,1129=,Zehna,1
,,,,1129=,Zenah,1
,,,,1129=,Zenayb,1
,,,,1129=,Zenub,1
,,,,1129=,Zirwa,1
,,,,1129=,Zita,1
,,,,1129=,Zobia,1
,,,,1129=,Zoha,1
,,,,1129=,Zoia,1
,,,,1129=,Zoie,1
,,,,1129=,Zoya,1
,,,,1129=,Zoyah,1
,,,,1129=,Zubayda,1
,,,,1129=,Zuez,1
,,,,,,
 Crown Copyright 2015,,,,,,
